0,1,2,3,4,5,6,7,8,9,10,11,12,13,14,15,16,17,18,19,20,21,22,23,24,25,26,27,28,29,30,31,32,33,34,35,36,37,38,39,40
1.025434,1.1004479999999999,1.00663,0.780375,0.758336,0.731444,0.647129,0.670179,0.7168859999999999,0.7532810000000001,0.638637,0.671797,0.67948,0.793316,0.776129,0.773501,0.8799549999999999,0.9306760000000001,0.884805,0.8565139999999999,1.2071180000000001,1.041213,0.97291,0.8993540000000001,0.905331,0.8719690000000001,0.809896,0.816972,0.865701,0.93748,0.9890389999999999,0.925955,0.854985,0.931414,0.8865270000000001,0.8582200000000001,0.818185,0.8905709999999999,0.843258,0.814142,0.8529629999999999
0.906674,0.8910680000000001,0.860667,0.905661,0.878502,0.8249219999999999,0.760664,0.816408,0.779921,0.763097,0.759853,0.702285,0.720731,0.638975,0.619707,0.685014,0.649521,0.667977,0.6458699999999999,0.594964,1.202006,1.0787129999999998,0.991517,0.85626,0.900467,0.944471,0.9610989999999999,0.931198,0.889042,0.78061,0.8679629999999999,0.8760700000000001,0.9770030000000001,0.9879469999999999,1.004364,1.0201719999999999,1.013484,1.016727,0.9713280000000001,0.919443,0.8294549999999999
1.006428,1.0088540000000001,0.9455680000000001,0.874395,0.775927,0.720324,0.676245,0.722346,0.813131,0.775612,0.869417,0.925416,0.920969,0.968882,0.9023700000000001,0.8684059999999999,0.90338,0.938759,1.008708,1.0511629999999998,1.256764,1.365731,1.395651,1.1947,1.1419350000000001,1.077849,0.9516979999999999,0.875811,0.9570930000000001,1.002991,0.9552729999999999,0.886325,0.9120030000000001,0.9740770000000001,0.8919860000000001,0.9481959999999999,1.055561,1.02685,1.067086,1.033724,1.090541
0.621392,0.623211,0.572481,0.528624,0.643624,0.710522,0.781058,0.853009,0.8247129999999999,0.780856,0.7133510000000001,0.6288699999999999,0.6387729999999999,0.704661,0.669898,0.630891,0.56633,0.5251060000000001,0.634026,0.9859959999999999,1.209327,1.144046,1.1383860000000001,1.0979649999999999,1.029652,1.002973,0.9995379999999999,0.95952,0.9197049999999999,0.974678,0.9411280000000001,0.809353,0.803088,0.8631139999999999,0.918694,0.9611370000000001,0.98539,0.904546,0.8839309999999999,0.8752409999999999,0.8747780000000001
0.71628,0.7310399999999999,0.801606,0.8262729999999999,0.8489190000000001,0.7912939999999999,0.836181,0.842449,0.766828,0.758336,0.696667,0.710214,0.7405430000000001,0.733264,0.7690520000000001,0.719919,0.812322,0.8353719999999999,1.07704,1.157704,1.2193379999999998,1.113389,0.9095770000000001,0.804032,0.737308,0.8206120000000001,0.8620620000000001,0.870958,0.939097,1.0151219999999999,0.986411,0.889964,0.9629559999999999,1.002182,0.9882299999999999,0.7284109999999999,0.5644319999999999,0.5470430000000001,0.6077020000000001,0.730433,0.800797
0.790087,0.73298,0.692074,0.84283,0.8432350000000001,0.8557889999999999,0.887173,0.931517,0.863078,0.828707,0.949249,0.892928,1.012052,1.105852,1.036092,0.9874639999999999,1.004078,0.972065,0.99334,1.119975,1.342449,1.209127,1.012386,0.936809,1.004281,0.984424,0.804905,0.757696,0.7327739999999999,0.790114,0.675433,0.861295,0.897675,0.909801,0.882517,0.814608,0.7493270000000001,0.805917,0.776207,0.8301700000000001,0.804502
0.60075,0.593657,0.572177,0.735509,0.8321709999999999,0.9171549999999999,0.922221,0.8835209999999999,0.779983,0.7463489999999999,0.8209120000000001,0.822736,0.718996,0.679283,0.691034,0.844618,0.824357,0.924855,0.971052,1.103766,1.2148,1.176303,0.92445,0.712309,0.8259780000000001,0.8124020000000001,0.87339,0.916142,0.853448,0.864189,0.797721,0.9126209999999999,0.98456,0.9616610000000001,1.001177,0.893167,0.864999,0.9207270000000001,0.870065,0.836426,0.700451
0.591309,0.800848,0.797612,0.7968029999999999,0.940608,0.9523389999999999,0.917349,0.892066,0.842513,0.7832520000000001,0.8394790000000001,0.8677950000000001,0.8275459999999999,0.780824,0.809747,0.7574930000000001,0.8228340000000001,0.8191930000000001,0.812517,1.131742,1.245816,1.0229270000000001,1.017264,1.07693,1.095538,1.075717,0.9395969999999999,0.9060219999999999,0.9327200000000001,1.084818,1.081987,1.230444,1.184936,1.223163,1.1768459999999998,1.037894,1.091493,1.122236,1.104842,0.974992,0.916135
0.675873,0.626462,0.662508,0.749586,0.778139,0.80082,0.689036,0.666963,0.723665,0.73865,0.712729,0.808515,0.906933,0.9144260000000001,0.951967,0.9543969999999999,0.893855,0.849107,0.866116,1.163793,1.2539049999999998,1.128283,1.033052,1.0460200000000002,0.937107,0.9065280000000001,0.835448,0.858534,0.8212729999999999,0.89215,0.9927959999999999,1.050713,1.013654,0.914223,0.9059209999999999,0.899035,0.846181,0.8951879999999999,0.9322459999999999,0.87676,0.913008
0.9125549999999999,0.9305899999999999,0.909516,0.81509,0.70344,0.660483,0.710735,0.718435,0.793611,0.847864,0.937884,0.743896,0.652898,0.59068,0.5201520000000001,1.0152889999999999,0.9072870000000001,1.055815,1.0669600000000001,1.158549,1.2641200000000001,0.956932,0.861087,0.8835790000000001,0.796245,0.846498,0.833124,0.821574,0.763217,0.829477,0.856224,0.838642,0.834182,0.88365,0.820801,0.761804,0.7928229999999999,0.8893270000000001,0.995158,0.933119,0.9290639999999999
0.628604,0.6887989999999999,0.759532,0.694879,0.677652,0.7325619999999999,0.7372380000000001,0.667469,0.665441,0.664833,0.680042,0.683489,0.641107,0.6212340000000001,0.623262,0.5038229999999999,0.587572,0.6072420000000001,0.9992219999999999,1.1056840000000001,1.2348569999999999,1.2814969999999999,1.202817,1.0750629999999999,0.987461,0.96921,0.859708,0.9615049999999999,0.9355479999999999,0.8878940000000001,0.989692,0.9718469999999999,0.9901760000000001,0.943967,0.8918790000000001,0.8643149999999999,0.8489120000000001,0.7909470000000001,0.873233,0.842224,0.914781
0.709067,0.701773,0.707649,0.679283,0.751009,0.677054,0.6057319999999999,0.5595359999999999,0.547379,0.594791,0.664289,0.647269,0.76965,0.783428,0.945725,0.996784,1.018667,0.9422799999999999,0.96315,1.083504,1.203454,1.245801,1.14895,1.150976,1.07236,1.098701,1.0367,1.0105620000000002,0.9623389999999999,0.8711610000000001,0.952816,0.954234,0.9862479999999999,0.9667969999999999,0.930731,0.8898020000000001,0.901475,0.9661190000000001,0.9624719999999999,0.91485,0.923969
0.867925,0.832541,0.735892,0.788463,0.8805959999999999,0.9343879999999999,0.989394,0.9641149999999999,0.816087,0.730141,0.6209399999999999,0.611637,0.8213450000000001,0.91445,0.9095989999999999,0.8542209999999999,0.799046,0.759432,0.707086,0.765293,1.2026569999999999,1.1879030000000002,1.1814360000000002,1.1814360000000002,1.157789,1.1024370000000001,0.988382,1.013256,1.000718,0.980698,1.048039,1.093944,0.973216,0.8276129999999999,0.706885,0.853701,0.803751,0.76553,0.8704850000000001,0.71275,0.81184
0.7739050000000001,0.79133,0.986856,1.1064,0.9497770000000001,0.8810889999999999,0.703597,0.714335,0.704002,0.638151,0.6403800000000001,0.713728,0.76965,0.784644,0.8920309999999999,0.899933,0.831651,0.911482,0.898109,1.038118,1.271938,1.133956,1.079249,1.003673,0.8565729999999999,0.8284090000000001,0.800042,0.9226260000000001,0.8977040000000001,0.8770370000000001,0.884534,0.8977040000000001,0.861233,0.899122,0.899933,0.815239,0.866906,0.8835209999999999,0.889518,0.784012,0.7868470000000001
0.712842,0.737712,0.746002,0.759954,0.7633909999999999,0.765008,0.7387229999999999,0.818388,0.91261,0.814142,0.8244530000000001,0.816366,0.8317319999999999,0.8820790000000001,0.883292,0.8996700000000001,0.8881450000000001,0.8904629999999999,0.817513,0.836306,1.214486,1.406368,1.385946,1.23612,1.047069,0.8984559999999999,0.944759,0.9568909999999999,0.944961,0.9597209999999999,0.878642,1.002991,1.0871030000000002,1.099235,0.9890389999999999,0.971651,1.06931,1.118241,1.0205819999999999,1.004608,0.9702350000000001
0.644408,0.8411139999999999,0.758631,0.787742,0.7513529999999999,0.779656,0.88094,0.800276,0.778443,0.7543850000000001,0.869417,0.860926,0.816854,0.788349,0.776017,0.819684,1.1854,1.151437,1.0883610000000001,1.182974,1.247465,1.2066270000000001,1.203797,1.235537,1.224216,1.204808,1.220173,1.174685,1.160736,1.140924,1.015177,1.0167950000000001,1.062686,0.9943549999999999,0.964175,0.92291,0.8438190000000001,0.758768,0.659838,0.635764,0.733479
0.8381700000000001,0.719808,0.719584,0.734996,0.7609520000000001,0.775552,0.765616,0.723234,0.757505,0.802725,0.8625459999999999,0.797859,0.722626,0.738849,0.718773,0.7469600000000001,0.8351709999999999,0.986447,1.027004,1.158002,1.302586,1.207481,1.146683,1.0813959999999998,1.1280299999999999,1.052808,0.902365,0.8845219999999999,0.9072309999999999,0.8610030000000001,0.9677399999999999,0.944031,1.009891,1.094596,1.208483,1.265426,1.228747,1.151337,1.090949,1.062781,1.041908
0.9613430000000001,0.9918879999999999,1.020612,1.042255,0.9579049999999999,0.958309,0.992131,0.895294,0.935525,0.828175,0.8253450000000001,0.9015610000000001,0.88276,0.987885,1.014773,1.036809,1.013156,1.003654,0.958167,1.121718,1.247667,1.046715,0.862341,0.794212,0.755598,0.717389,0.813822,0.863958,0.8192799999999999,0.8496049999999999,0.8678,0.765302,0.747916,0.738818,0.7558,0.837192,0.846088,0.790687,0.719909,0.7777029999999999,0.6978800000000001
0.844764,0.9667969999999999,0.8970959999999999,0.781402,0.8699459999999999,0.894867,0.870756,0.8466450000000001,0.768029,0.717982,0.693871,0.778362,0.74878,0.833677,0.905201,0.908848,0.7818069999999999,0.790925,1.067903,1.199199,1.2060879999999998,0.9949610000000001,0.985843,0.918574,0.958692,1.060001,0.983614,0.983411,0.992124,0.9975950000000001,1.006104,0.9471430000000001,0.8539389999999999,0.8448209999999999,0.904593,0.870959,0.886358,0.919789,0.9732799999999999,0.969025,1.039536
0.772287,0.8244530000000001,0.862466,0.848514,0.920293,0.8867290000000001,0.882685,0.815355,0.733466,0.68777,0.685951,0.769822,0.8367100000000001,0.775683,0.755273,0.7956880000000001,0.886825,0.8222879999999999,0.9797809999999999,1.103251,1.22672,1.2194450000000001,1.216212,1.1778170000000001,1.133204,1.11076,1.052124,1.0474729999999999,0.918271,1.0962020000000001,1.089327,1.17708,1.031096,1.052124,1.059403,1.0549549999999999,1.068502,1.070928,1.018964,0.941524,0.9520379999999999
0.763998,0.73933,0.7633909999999999,0.785632,0.708596,0.63338,0.6093189999999999,0.586067,0.806054,0.872373,0.84993,0.76885,0.715067,0.526622,0.558366,0.9767049999999999,0.969831,0.970842,1.011079,1.148772,1.289297,1.4134440000000001,1.414455,1.379274,1.255531,1.196895,1.082049,1.067895,0.959519,0.884707,0.805649,0.8444709999999999,0.93101,0.906949,0.919687,0.976301,1.0589979999999999,0.989848,0.982771,0.986815,0.9651799999999999
0.771597,0.758857,0.741668,0.680596,0.630646,0.743488,0.790606,0.80456,0.8193219999999999,0.799706,0.684438,0.661385,0.790606,0.7883819999999999,0.720223,0.661611,0.689705,0.868167,0.9797309999999999,1.1646610000000002,1.2416639999999999,1.103624,1.035513,1.0100209999999998,0.951375,0.77908,0.8340850000000001,0.9527909999999999,0.962498,0.8737209999999999,0.776451,0.82276,0.858554,0.824176,0.935602,0.918008,1.019121,0.9891909999999999,0.8994030000000001,0.8905049999999999,0.913761
0.688024,0.714754,0.792112,0.781582,0.892639,0.924855,0.963757,0.991516,0.834285,0.766205,0.722643,0.731355,0.726695,0.809566,0.8209120000000001,0.8377290000000001,0.887573,0.8440110000000001,0.8494809999999999,0.8421870000000001,1.233239,1.157257,0.953829,0.9019590000000001,0.946738,0.9339729999999999,0.9633520000000001,0.894867,0.81767,0.8346899999999999,0.893568,0.9369040000000001,0.9429790000000001,0.9113879999999999,0.9045030000000001,1.006161,0.994618,1.073394,0.8872899999999999,0.8741270000000001,0.7872520000000001
0.640151,0.6296350000000001,0.669878,0.778877,0.752184,0.711132,0.6702819999999999,0.580292,0.568159,0.633275,0.661385,0.7376229999999999,0.8435889999999999,0.9540629999999999,0.8709959999999999,0.766304,0.718808,0.6771739999999999,0.664643,0.69698,1.2455040000000002,1.193967,1.035109,0.946787,0.892016,0.8709959999999999,0.895249,0.929535,0.911537,0.7948529999999999,0.783933,0.827209,0.8638120000000001,0.9250860000000001,0.96235,0.944759,1.020986,0.9896459999999999,0.933234,0.9020959999999999,0.8398200000000001
0.813388,0.8599700000000001,0.974992,0.986765,0.8886850000000001,0.790809,0.7730130000000001,0.703245,0.701021,0.701627,0.6355,0.568563,0.54843,0.639177,0.613105,0.688492,0.720021,0.682833,1.0306620000000002,1.181032,1.224889,1.1585969999999999,1.119626,1.1024370000000001,1.005572,0.933377,0.916997,0.8890899999999999,0.899201,0.919019,0.944702,0.924075,0.894752,0.887877,0.973418,0.9238729999999999,0.648442,0.79364,0.757037,0.846218,0.814671
0.7578,0.775227,0.741581,0.736917,0.735295,0.690689,0.819033,0.882495,0.780509,0.806056,0.796932,0.736309,0.758004,0.793283,0.785375,0.955081,0.969476,1.063554,1.181354,1.196763,1.2245409999999999,1.176082,1.163106,1.139789,1.099257,1.083856,1.011714,0.9770620000000001,0.9361280000000001,0.905123,0.8911399999999999,1.007459,0.986384,0.976454,0.907352,0.902691,0.923158,0.889317,0.977467,1.039477,1.037856
0.8749120000000001,0.886044,0.885842,0.909726,0.882806,0.8987959999999999,0.8370620000000001,0.8888780000000001,0.910536,0.759338,0.793747,0.902642,0.8698520000000001,0.78727,0.83524,0.84698,0.736668,0.761159,0.8625649999999999,1.091892,1.200382,1.186416,1.151805,1.136624,1.008298,0.904868,0.925716,0.8745069999999999,0.9520290000000001,0.93948,0.934622,1.034611,1.038457,1.13541,1.036433,1.044529,1.0536370000000002,1.003845,0.935837,0.844348,0.743761
0.8591610000000001,0.793842,0.798493,0.792629,0.786764,0.804762,0.8041550000000001,0.902032,0.9214459999999999,0.943958,0.8352229999999999,0.849775,0.743263,0.820342,0.746786,0.807409,0.8272120000000001,0.8454,0.946842,1.147886,1.205891,1.1602139999999999,1.106858,1.102007,1.132929,1.0488520000000001,1.0822,1.068666,1.083024,1.080597,1.120435,1.057341,1.035299,1.075339,0.960475,0.9711930000000001,1.0472299999999999,1.097988,0.98818,0.840758,0.898594
0.635429,0.73601,0.730535,0.731646,0.665036,0.594178,0.601072,0.7176560000000001,0.87702,0.8790479999999999,0.9658260000000001,0.9370350000000001,0.876007,0.8764120000000001,0.9392659999999999,0.888375,0.8166,0.8766149999999999,0.9475790000000001,1.188653,1.260225,1.141614,1.0306540000000002,0.9511629999999999,0.775958,0.777783,0.8805940000000001,1.04059,0.981461,0.960586,0.882353,0.8780969999999999,0.9613959999999999,0.9782190000000001,0.952074,0.947412,0.9372780000000001,0.8126329999999999,0.794392,0.800878,0.8710030000000001
0.9423549999999999,0.856549,0.714888,0.7001149999999999,0.880834,0.932193,0.861958,0.826942,0.863577,0.815956,0.8046270000000001,0.875632,0.871991,0.875025,0.8663270000000001,0.948255,0.91953,0.7987609999999999,0.65837,1.144277,1.201324,1.043719,0.9522309999999999,1.0285389999999999,0.985426,0.975508,0.991498,1.127921,1.015585,0.9981780000000001,0.992713,0.962757,0.902034,0.8579100000000001,0.8597309999999999,0.86216,1.062746,1.114359,0.9464020000000001,0.801706,0.8697030000000001
0.748883,0.728416,0.8096770000000001,0.938357,0.92863,0.8145399999999999,0.682213,0.5930489999999999,0.516044,0.561764,0.707446,0.794369,0.742297,0.9777379999999999,0.836716,0.7463489999999999,0.729937,0.710688,0.8101729999999999,1.1671850000000001,1.209496,1.072103,0.980102,0.9807100000000001,0.925185,0.9018809999999999,0.9338989999999999,0.9310620000000001,0.9636870000000001,0.997934,0.978683,0.9357219999999999,0.957405,0.9963129999999999,1.016173,0.98841,0.982331,0.979899,0.948692,0.8864799999999999,0.905731
0.853706,0.6976220000000001,0.681203,0.738772,0.807287,0.646135,0.546403,0.692555,0.830192,0.834044,0.810327,0.7332989999999999,0.676946,0.702285,0.8270860000000001,0.794445,0.746598,0.722878,0.7218640000000001,1.083755,1.213914,1.1751909999999999,1.031651,1.0353,1.131804,0.9746809999999999,0.9992120000000001,1.021311,1.142347,1.06713,1.038341,1.030434,0.9844120000000001,0.9990100000000001,0.92805,0.9646319999999999,0.8957370000000001,0.929826,0.9638620000000001,0.798138,0.819208
0.644932,0.763811,0.646957,0.63735,0.678469,0.796762,0.886494,0.802838,0.7623270000000001,0.760302,0.774683,0.8279549999999999,0.8899370000000001,0.8399059999999999,0.7366020000000001,0.7035859999999999,0.871707,0.902698,0.938348,1.1153819999999999,1.2598040000000001,1.11599,0.997292,0.9355120000000001,0.858719,0.8687940000000001,0.975482,0.9496,0.939277,0.920049,0.8882709999999999,0.810547,0.8046770000000001,0.829775,0.7688510000000001,0.8538620000000001,0.962149,0.964578,0.879365,0.8658040000000001,0.804272
1.00509,0.929808,0.902382,0.843929,0.811163,0.78042,0.728642,0.66938,0.688999,0.690332,0.7259359999999999,0.7690239999999999,0.795322,0.739085,0.795929,0.7732720000000001,0.697817,0.69984,0.666057,0.719058,1.2209459999999999,1.1980870000000001,1.101391,1.077318,1.044142,1.053043,0.962618,0.963832,0.9290379999999999,0.9039530000000001,0.9322739999999999,0.88251,0.9472440000000001,0.92774,0.908309,0.882199,0.91256,0.915191,0.953041,0.953851,0.9198459999999999
0.8449559999999999,0.857505,0.928955,0.9340149999999999,0.930371,0.8878659999999999,0.8463729999999999,0.815607,0.817226,0.8518379999999999,0.907702,0.990284,0.8770479999999999,0.8432649999999999,0.800986,0.682038,0.671519,0.761741,0.7388819999999999,0.686488,1.3716540000000002,1.373845,1.289037,1.145125,1.128325,1.042302,1.0744850000000001,1.023276,1.01437,1.026717,1.09169,1.1876309999999999,1.232767,1.150793,1.100596,1.0459459999999998,1.011942,0.9564819999999999,0.8447530000000001,0.803867,0.684042
0.848599,0.8273459999999999,0.812571,0.778161,0.8876639999999999,0.870661,1.06396,1.105858,1.127718,0.9441350000000001,0.8656010000000001,0.758528,0.769458,0.838883,0.9969629999999999,0.9147860000000001,0.8245129999999999,0.84111,0.8791620000000001,0.9824430000000001,1.2033459999999998,1.17098,1.1386479999999999,1.0107270000000002,0.9427180000000001,0.8907,0.897379,0.821679,0.783626,0.7763399999999999,0.763993,0.759742,0.87815,0.918632,0.846777,0.805891,0.8372639999999999,0.924344,0.848656,0.791587,0.802313
0.765733,0.842376,0.792629,0.694347,0.615984,0.65684,0.696078,0.640053,0.641671,0.713675,0.6932470000000001,0.659267,0.688797,0.6163890000000001,0.600006,0.669987,0.694663,0.653806,0.622254,1.066813,1.233378,1.169767,1.014458,0.935552,0.897325,0.876492,0.8417690000000001,0.83004,0.834894,0.9087059999999999,0.9760469999999999,0.900415,0.82458,0.836309,0.8419709999999999,0.873316,0.8013239999999999,0.781304,0.8249850000000001,0.7447010000000001,0.641162
0.9919819999999999,0.860716,0.808938,0.821681,0.7994319999999999,0.676257,0.6586609999999999,0.750081,0.787904,0.7749590000000001,0.827142,0.676662,0.629536,0.812114,0.8433219999999999,0.8957069999999999,0.834625,0.818444,0.9713510000000001,1.130528,1.240557,1.188576,0.996431,1.030006,0.9165399999999999,0.75716,0.791342,0.652188,0.857683,0.963463,0.956384,0.9309,0.8570760000000001,0.848176,0.815411,0.696887,0.769296,0.808938,0.824714,0.792151,0.7668689999999999
0.801976,0.833995,0.85588,0.780293,0.736319,0.731051,0.751718,0.706328,0.727808,0.832009,0.7782789999999999,0.815383,0.7573949999999999,0.727388,0.7545569999999999,0.7640859999999999,0.8281569999999999,0.771588,0.662912,1.1266100000000001,1.2071040000000002,1.094575,1.108363,1.041454,0.99624,1.051186,1.0532139999999999,0.9924629999999999,1.050217,1.033397,1.051028,1.024684,1.039882,1.0408950000000001,1.055688,1.05731,1.072913,1.0666309999999999,1.01678,0.932683,0.736725
0.7218319999999999,0.788493,0.7684340000000001,0.757898,0.7366229999999999,0.716564,0.720617,0.6263989999999999,0.564601,0.601072,0.586889,0.641393,0.631667,0.705015,0.764382,0.946332,0.9068219999999999,0.9155340000000001,1.001849,1.123825,1.2158129999999998,1.2014280000000002,1.163538,1.124838,1.0267709999999999,0.979967,1.032445,0.973483,0.9724700000000001,0.971457,1.035484,1.027987,0.942815,0.8858719999999999,0.8966120000000001,0.919106,1.032384,0.991247,0.975441,0.953758,0.9187
0.663103,0.742767,0.7607619999999999,0.880057,0.919283,0.781993,0.799584,0.7935180000000001,0.733062,0.67119,0.6212489999999999,0.770265,0.780375,0.7045520000000001,0.715067,0.708192,0.7037439999999999,0.719303,0.738096,0.709199,1.283706,1.196004,1.136997,0.9886729999999999,0.9625520000000001,0.9965209999999999,0.952644,0.999958,1.0112809999999999,0.9947010000000001,0.969426,0.9530489999999999,0.925955,0.963765,0.9289879999999999,0.9188780000000001,0.88592,0.857543,0.7811020000000001,0.860778,0.949151
0.8196959999999999,0.8590040000000001,0.835095,0.726087,0.6497,0.728316,0.707852,0.701976,0.576961,0.516986,0.510502,0.49469799999999997,0.535424,0.83935,0.912292,0.9301229999999999,0.86954,0.8879790000000001,0.9434959999999999,1.065269,1.215003,1.238912,1.089988,0.982196,0.8847370000000001,0.769245,0.751009,0.80369,0.811592,0.8762270000000001,0.8273959999999999,0.7937609999999999,0.786872,0.75729,0.951398,1.0613620000000001,0.961053,0.91485,0.898841,0.9687540000000001,0.8287260000000001
0.643397,0.6987899999999999,0.797446,0.932694,1.04247,1.0766360000000001,0.9951629999999999,0.8144279999999999,0.730934,0.7636850000000001,0.7206239999999999,0.772984,0.729721,0.6672520000000001,0.719006,0.748522,0.7357859999999999,0.842933,0.9834379999999999,1.148404,1.266468,1.309731,1.3382370000000001,1.271927,1.017199,0.8182689999999999,0.754587,0.771165,0.808161,0.739627,0.817663,0.954124,0.972459,0.8774280000000001,0.79372,0.728007,0.687164,0.534507,0.492047,0.49548400000000004,0.626506
0.697696,0.764239,0.710439,0.724799,0.875481,0.882762,0.761003,0.727833,0.631154,0.5053489999999999,0.542362,0.610928,0.680505,0.727631,0.7802180000000001,0.723586,0.7933640000000001,0.8145399999999999,0.703766,1.064994,1.2772350000000001,1.193758,1.13352,1.0031379999999999,0.842109,0.784465,0.80105,0.779409,0.8506040000000001,0.8714360000000001,0.9155280000000001,0.959216,1.042951,1.074301,1.058525,1.028995,1.0403209999999998,0.919169,0.7670710000000001,0.7047760000000001,0.709023
0.805421,0.776848,0.7383460000000001,0.6641779999999999,0.5792689999999999,0.741588,0.697817,0.665596,0.700654,0.646345,0.64979,0.630741,0.718487,0.7958970000000001,0.73024,0.688495,0.686671,0.730226,0.818627,0.839511,1.255157,1.286178,1.203454,1.1211360000000001,0.9829389999999999,0.9509209999999999,0.842303,0.912216,0.9553790000000001,0.8475719999999999,0.842303,0.8562850000000001,0.9101889999999999,0.93552,0.8850610000000001,0.855678,0.886074,0.9545680000000001,0.907149,0.7592180000000001,0.7438170000000001
0.756633,0.751577,0.746117,0.729534,0.77281,0.799909,0.7511720000000001,0.6579470000000001,0.590201,0.631051,0.707896,0.778271,0.8859520000000001,0.823501,0.856849,0.883123,0.8388610000000001,0.859678,0.839872,1.148694,1.294414,1.2774370000000002,1.214784,1.183659,1.114942,1.029636,1.077766,1.1269069999999999,1.07453,1.062801,1.037725,1.059566,1.074733,1.018312,1.024783,1.055521,1.067857,1.0340850000000001,0.9912139999999999,1.026805,0.9873709999999999
0.783088,0.759613,0.7575890000000001,0.741182,0.740777,0.7749590000000001,0.7786,0.813186,0.756554,0.768891,0.7941729999999999,0.65837,0.7292489999999999,0.83841,0.835376,0.768487,0.7572909999999999,0.686084,0.648457,0.642389,1.2148700000000001,1.206982,1.121225,1.008567,0.994207,0.9573959999999999,0.998859,0.954159,0.910472,0.8959090000000001,0.9553729999999999,0.8748739999999999,0.801657,0.8627389999999999,0.935147,0.889437,0.8700200000000001,0.902382,0.87265,0.9424290000000001,0.94789
0.952947,0.878374,0.746857,0.658098,0.729024,0.828523,0.83055,0.767736,0.9141239999999999,0.932575,0.901756,0.819641,0.781118,0.676091,0.6915,0.597017,0.954472,0.9173680000000001,1.04044,1.024422,1.2500879999999999,1.195311,1.111213,1.089733,1.088922,1.055283,1.114861,1.114861,1.146676,1.2169940000000001,1.108579,1.1025,1.130262,1.004217,0.9953,1.0232649999999999,0.986181,0.9651059999999999,1.0111059999999998,1.006243,1.010701
0.600059,0.664492,0.7271,0.785251,0.905809,0.871567,0.8320559999999999,0.724264,0.8119970000000001,0.80835,0.825775,0.8583959999999999,0.9390379999999999,0.900541,0.860017,0.77046,0.59783,0.598641,0.713728,1.0583799999999999,1.244383,1.220068,1.155636,1.18846,1.1783290000000002,1.092217,1.0754,1.085125,0.9027700000000001,0.9485610000000001,0.9593,1.047641,1.123217,1.130703,1.093037,1.079469,1.059826,0.928399,0.88,0.8629889999999999,0.916451
0.9043,0.8808870000000001,0.8300299999999999,0.88656,0.8065260000000001,0.822736,0.72244,0.771879,0.769042,0.789912,0.815441,1.089644,1.04082,1.120033,1.111322,1.144878,1.123818,1.1193620000000002,1.165534,1.19753,1.286633,0.841929,0.8399040000000001,0.756471,0.800617,0.640232,0.802642,0.887493,0.875545,0.9004530000000001,0.811755,0.74675,0.649996,0.707476,0.73824,0.7196199999999999,0.7356090000000001,0.654044,0.68501,0.618827,0.764349
0.8714379999999999,0.8783120000000001,0.833634,0.818067,0.781071,0.7030350000000001,0.653303,0.64279,0.727902,0.784508,0.8863989999999999,0.824132,0.785518,0.7889550000000001,0.769345,0.7386159999999999,1.090989,1.122325,1.153458,1.14618,1.2092559999999999,1.2149159999999999,1.1306129999999999,1.086542,1.003048,1.0861370000000001,1.0546,1.077444,1.123538,1.083711,1.128188,1.127177,1.086542,1.056419,1.019398,0.9747450000000001,1.01252,1.040435,1.059045,1.088578,1.078666
0.580038,0.526341,0.609014,0.615904,0.585915,0.701009,0.69189,0.614283,0.6446770000000001,0.640828,0.663927,0.71033,0.753288,0.574365,0.525125,0.573554,0.63637,0.799487,0.858656,0.846498,1.278304,1.256825,1.17476,1.101812,0.9733450000000001,0.914582,0.934642,0.995634,0.9707100000000001,0.9699,0.9644290000000001,0.926537,0.969292,0.9804370000000001,1.041631,1.0426440000000001,0.896142,0.829679,0.797024,0.8328700000000001,0.711156
0.7307520000000001,0.749586,0.785429,0.7872520000000001,0.831448,0.7972060000000001,0.745538,0.755872,0.800245,0.680701,0.701368,0.720819,0.71778,0.730545,0.8643629999999999,0.8734799999999999,1.00732,1.043994,1.028392,1.03836,1.219603,1.298783,1.326122,1.247549,1.0341069999999999,0.935689,0.9543200000000001,0.8970100000000001,0.859749,0.8891129999999999,0.872102,0.8024399999999999,0.8830370000000001,0.882835,0.7145520000000001,0.57543,0.649547,0.684379,0.7449279999999999,0.726297,0.6977439999999999
0.757013,0.690703,0.6789609999999999,0.807813,0.85636,0.844628,0.810038,0.7430829999999999,0.630818,0.653878,0.771403,0.776864,0.7890010000000001,0.7576470000000001,0.7224510000000001,0.720023,0.748747,0.693929,1.120387,1.177624,1.282593,1.234457,1.194007,1.170748,1.063351,0.984068,1.029777,1.068147,1.0649110000000002,1.0378049999999999,1.009688,0.940509,0.9793459999999999,0.9939100000000001,0.904391,0.9282469999999999,0.982023,0.907626,0.895496,0.9104559999999999,0.881344
0.753397,0.7924260000000001,0.796875,0.840354,0.8522850000000001,0.844196,0.7730130000000001,0.717199,0.689898,0.676956,0.740636,0.8996959999999999,0.9201090000000001,0.781664,0.7194149999999999,0.7844939999999999,0.8156180000000001,1.00075,1.0322790000000002,1.1769889999999998,1.205487,1.058958,0.951234,0.875541,0.811638,0.811435,0.8431850000000001,0.9147719999999999,0.8789790000000001,0.964318,0.972002,0.9254899999999999,0.96088,0.8383309999999999,0.8963700000000001,0.883023,0.9131549999999999,0.918817,0.910121,0.847836,0.760475
0.8860950000000001,0.8262200000000001,0.714559,0.747107,0.7808689999999999,0.7719729999999999,0.776017,0.828984,0.779251,0.70627,0.578704,0.539686,0.524928,0.655931,0.764898,0.7798579999999999,0.8362620000000001,0.812811,0.813013,1.167812,1.2541360000000001,1.2622229999999999,1.124953,0.997791,0.9555389999999999,0.954124,0.9462389999999999,0.924406,0.895698,0.89489,0.9534549999999999,0.9443520000000001,0.9918879999999999,1.007261,1.100107,1.1634209999999998,1.144002,1.0525719999999998,1.09586,1.06835,0.963366
0.9904370000000001,0.9515290000000001,0.881819,0.771985,0.813527,0.788602,0.824673,0.753138,0.621753,0.6655479999999999,0.65318,0.6809569999999999,0.717453,0.777265,0.8539059999999999,0.866274,0.873776,0.909055,0.8678959999999999,0.796932,1.29003,1.264889,1.239747,1.199805,1.132896,1.078152,1.046117,0.96826,0.969882,0.912502,0.9492010000000001,0.83825,1.006851,1.161672,1.063592,1.098649,1.06197,1.0070540000000001,0.996719,1.090949,0.964093
0.771068,0.729126,0.750401,0.737029,0.6914399999999999,0.681917,0.666112,0.716969,0.7244659999999999,0.714112,0.71472,0.6421439999999999,0.604722,0.673161,0.972673,1.0847200000000001,1.109237,1.129498,1.151381,1.194741,1.207506,1.161715,1.084517,0.96396,0.931541,0.948966,0.919587,0.961123,0.8883840000000001,0.951398,0.9518030000000001,0.8873709999999999,0.9349860000000001,0.9325540000000001,0.987058,1.087151,1.0703340000000001,0.959908,0.8614360000000001,0.787075,0.723858
0.7602770000000001,0.8250069999999999,0.9186620000000001,0.855146,0.811859,0.7924399999999999,0.741061,0.801542,0.8543370000000001,0.86344,0.7942600000000001,0.673499,0.681792,0.733981,0.820041,0.789097,0.9130780000000001,1.03362,1.073464,1.0874190000000001,1.203917,1.164028,1.082509,1.023241,1.0064520000000001,0.955882,0.9664,0.944959,0.906323,0.963366,0.963973,1.012116,1.049942,1.044278,1.038817,0.997956,1.033355,1.026478,1.0208139999999999,0.8980299999999999,0.9535170000000001
0.685546,0.6600699999999999,0.730635,0.8032229999999999,0.6667420000000001,0.647938,0.642479,0.711629,0.8515469999999999,0.833073,0.80074,0.824586,1.022604,1.042621,1.005417,0.961743,1.022199,1.050506,1.0947870000000002,1.131384,1.214081,1.1534229999999999,1.058594,0.973268,0.9733290000000001,0.9690840000000001,1.048535,1.0394370000000002,0.9929389999999999,1.001026,0.956752,0.898731,0.955943,0.9498780000000001,0.8372729999999999,0.8799290000000001,0.891655,0.98829,0.9791920000000001,0.944622,0.956752
0.937142,0.964838,1.022253,1.03782,1.02569,1.048737,0.930875,0.9553370000000001,0.901359,0.800276,0.755396,0.7531720000000001,0.8449549999999999,0.804118,0.797244,0.952304,0.9751489999999999,1.108375,1.112823,1.119494,1.207436,1.108375,1.07421,1.030542,0.954124,0.9304709999999999,0.9260229999999999,0.904593,0.9826290000000001,0.91733,0.940579,0.8332290000000001,0.902976,1.047726,1.026701,0.966456,0.94152,0.868901,0.9977540000000001,1.0713840000000001,1.152903
0.981664,0.99423,0.969706,0.9162,0.9031030000000001,0.9128370000000001,0.784475,0.76156,0.852407,0.926423,0.824829,0.8382120000000001,0.809012,0.76298,0.7830550000000001,0.652057,1.16226,1.130018,1.079727,1.1606379999999998,1.21032,1.179497,1.140765,1.071413,0.9941530000000001,0.9797549999999999,0.9852299999999999,1.003684,1.086622,1.131035,1.0667879999999998,0.9646389999999999,0.9109299999999999,0.9999049999999999,0.9999049999999999,1.005174,0.9016069999999999,0.8912709999999999,0.816079,0.96849,0.916876
0.9245770000000001,0.899323,0.911083,0.8230879999999999,0.915341,0.873776,0.85269,0.8007850000000001,0.7766569999999999,0.674266,0.5809989999999999,0.601072,0.6286470000000001,0.690284,0.752124,0.976167,0.842349,0.9710979999999999,1.0211780000000001,1.1789209999999999,1.216633,1.1249879999999999,1.007391,0.957108,0.815383,0.776252,0.742399,0.812717,0.894383,0.908568,0.863175,0.9292379999999999,0.927211,0.9680120000000001,0.961123,0.90743,0.931744,0.894057,0.946738,0.982398,0.9826010000000001
0.827307,0.8923559999999999,0.894383,0.755165,0.712813,0.726795,0.8583120000000001,0.940383,0.9916530000000001,1.046975,1.10027,1.0499690000000002,1.0719239999999999,1.045817,0.916636,0.790945,0.8608,1.026247,1.111809,1.155199,1.230421,1.177704,1.2506959999999998,1.0807879999999999,1.0702450000000001,1.0396290000000001,0.9271010000000001,0.954067,1.043279,1.079369,1.092142,1.044543,0.9815200000000001,1.056094,1.062984,1.040085,1.046975,1.047988,0.9817229999999999,0.9195110000000001,1.004622
0.894383,0.755165,0.712813,0.726795,0.8583120000000001,0.940383,0.9916530000000001,1.046975,1.10027,1.0499690000000002,1.0719239999999999,1.045817,0.916636,0.790945,0.8608,1.026247,1.111809,1.155199,1.230421,1.177704,1.2506959999999998,1.0807879999999999,1.0702450000000001,1.0396290000000001,0.9271010000000001,0.954067,1.043279,1.079369,1.092142,1.044543,0.9815200000000001,1.056094,1.062984,1.040085,1.046975,1.047988,0.9817229999999999,0.9195110000000001,1.004622,1.084826,1.106107
0.764382,0.876024,0.9362010000000001,0.970375,0.83825,0.908365,0.913026,0.86966,0.8514219999999999,0.800153,0.728011,0.721932,0.658909,0.640001,0.6483140000000001,0.640609,0.595192,0.598436,0.699813,1.178558,1.245396,1.178734,1.180963,1.155433,1.1878520000000001,1.151786,1.096674,1.0814780000000002,1.067295,1.075197,1.050478,1.03204,1.0004309999999998,1.012386,1.03204,1.027582,1.027582,1.057569,0.9866530000000001,0.995771,0.9911110000000001
0.745308,0.754004,0.7194229999999999,0.7141649999999999,0.7248829999999999,0.838736,0.913761,0.8623959999999999,0.8837290000000001,0.8926219999999999,0.8364360000000001,0.817033,0.835829,0.861295,0.912226,0.783281,1.181032,1.1296959999999998,1.12242,1.150917,1.2026569999999999,1.1195899999999999,1.003954,1.058352,1.048039,0.9677549999999999,0.895157,0.9813040000000001,1.0524879999999999,1.075339,1.065228,0.97544,0.972002,0.977867,0.902032,0.823973,0.891921,0.949103,0.933529,0.9207870000000001,0.9889479999999999
0.5511020000000001,0.6724859999999999,0.649385,0.619596,0.6859689999999999,0.690224,0.682524,0.638556,0.542516,0.446475,0.508679,0.5453520000000001,0.5394770000000001,0.452351,0.46248199999999995,0.508476,0.510705,0.6182949999999999,0.696505,0.618903,1.253703,0.977333,0.865083,1.00732,1.118962,1.088165,1.0081309999999999,0.9447110000000001,0.881495,0.9556530000000001,0.885344,0.904391,0.931744,0.888992,0.8509,0.790722,0.805108,0.801258,0.639975,0.619308,0.7395619999999999
0.775025,0.7134199999999999,0.7146359999999999,0.761042,0.795492,0.734698,0.750099,0.706328,0.658909,0.714839,0.660884,0.6775100000000001,0.692109,0.6357430000000001,0.679741,0.721102,0.716845,0.940685,0.9565,1.078993,1.236043,1.318317,1.226113,1.191866,1.099257,1.0613620000000001,1.167751,1.092975,0.899854,0.813325,0.7940729999999999,0.8137300000000001,0.811096,0.783131,0.8418979999999999,0.8416950000000001,0.87959,0.863175,0.914647,0.970577,0.948692
0.7437779999999999,0.683524,0.75227,0.738521,0.6930270000000001,0.60851,0.636451,0.749035,0.776087,0.71021,0.64312,0.612808,0.8565139999999999,0.959317,0.893402,0.8750020000000001,0.861051,0.809693,0.936873,1.164139,1.245421,1.252902,1.190627,1.061223,0.959923,0.870149,0.7749159999999999,0.7642,0.844066,0.8208139999999999,0.8760129999999999,1.001575,0.9380860000000001,1.008652,0.9528469999999999,1.021795,0.9657870000000001,0.939097,0.97064,0.913357,0.9014260000000001
0.881948,0.861072,0.841413,0.8862040000000001,0.9305899999999999,0.9261309999999999,0.933833,0.8835040000000001,0.794111,0.793503,0.74911,0.7458670000000001,0.8541120000000001,0.85051,0.960841,0.8578120000000001,0.919264,0.944008,0.9575959999999999,0.9762549999999999,1.217199,1.255734,1.1894129999999998,1.0488629999999999,0.956785,0.798467,0.808606,0.774944,0.8067810000000001,0.8544350000000001,0.9331149999999999,0.982677,0.9575459999999999,1.000107,0.861072,0.94275,0.9459930000000001,0.8351299999999999,0.875057,0.87526,0.892487
0.63732,0.6579470000000001,0.6625979999999999,0.74369,0.7121430000000001,0.7420720000000001,0.7147720000000001,0.70911,0.7050649999999999,0.851476,0.8526889999999999,0.7945989999999999,0.79662,0.722042,0.668281,0.63756,0.6371560000000001,0.6727270000000001,1.118176,1.135961,1.3111899999999999,1.290575,1.2259,1.068457,0.9944850000000001,0.9677549999999999,0.957644,0.961541,0.984187,1.017549,0.960126,0.9651799999999999,0.971651,0.9077569999999999,0.912206,0.971651,0.974886,0.90796,0.884707,0.824656,0.781791
0.932417,0.8688100000000001,0.88559,0.812811,0.761057,0.739829,0.684032,0.705461,0.732349,0.684234,0.7408399999999999,0.76975,0.725071,0.73053,0.794212,0.7994680000000001,0.9280450000000001,0.9395680000000001,0.946644,0.9913219999999999,1.224216,1.169227,1.082701,0.9791920000000001,0.873662,0.9452290000000001,0.9593799999999999,0.984651,0.9595819999999999,0.950485,0.9612,1.032968,1.091596,1.099278,1.073609,0.9888540000000001,0.99654,0.9680190000000001,0.946375,0.885893,0.8860950000000001
0.9815200000000001,0.808866,0.8096770000000001,0.8514219999999999,0.808692,0.74888,0.684809,0.772196,0.8340360000000001,0.806462,0.826332,0.7861859999999999,0.77098,0.856137,0.904725,0.840849,0.797453,0.84896,1.132896,1.163309,1.2046709999999998,1.110796,1.052403,1.0444950000000002,0.9471729999999999,0.963191,0.858367,0.93663,0.9471729999999999,0.907839,0.9152549999999999,0.893978,0.9432200000000001,0.9831409999999999,0.952542,0.884858,1.034613,1.1091870000000001,1.113848,0.9953,1.014551
0.902691,0.9030959999999999,0.9519340000000001,1.006851,0.9067440000000001,0.833792,0.921335,0.864999,0.832981,0.772796,0.710989,0.725579,0.804408,0.7975180000000001,0.8200459999999999,0.857759,0.7640859999999999,0.757598,0.720697,0.61344,1.260225,1.147892,0.973617,0.9389649999999999,0.865202,0.904515,0.910392,0.993274,0.945247,0.863986,0.62142,0.547049,0.587172,0.656072,0.732064,0.8106899999999999,0.793871,0.7272,0.818593,0.800355,0.711597
0.709067,0.68374,0.704407,0.8223299999999999,0.837324,0.8065260000000001,0.763571,0.660034,0.630047,0.7317600000000001,0.771068,0.7781600000000001,0.72244,0.9556530000000001,1.005699,0.927084,0.817873,0.873187,0.986856,1.1939309999999999,1.255526,1.231212,1.1681979999999998,1.124636,1.060203,1.052504,0.9939469999999999,0.910064,0.946332,1.022517,1.0486879999999998,1.0687360000000001,1.042815,1.03026,1.012034,0.9334620000000001,0.945207,0.917666,0.9247540000000001,1.008794,1.083114
0.9260229999999999,0.8863989999999999,0.9015610000000001,0.8868030000000001,0.799872,0.835857,0.854052,0.88559,0.997791,1.080881,1.085329,1.0178690000000001,0.917003,0.812962,0.8428959999999999,0.840873,0.897302,0.957573,0.9964059999999999,1.099959,1.239918,1.207355,1.11533,1.054857,0.645221,0.681633,0.663225,0.8916129999999999,0.814742,0.7311949999999999,0.676981,0.756279,0.8394219999999999,0.699233,0.566327,0.688714,0.772058,0.747379,0.737264,0.667675,0.670912
0.89675,0.881553,0.8554129999999999,0.8509559999999999,0.957742,0.895534,0.833124,0.803945,0.690675,0.73343,0.8236,0.863519,0.953082,0.932818,0.978816,1.0645280000000001,1.034742,0.975168,1.0043469999999999,0.981247,1.232104,1.263107,1.225417,1.0392,0.993202,0.9135690000000001,1.021571,1.0535860000000001,1.132815,1.1877280000000001,1.291272,1.188336,1.1409200000000002,1.155915,1.250949,1.0618940000000001,1.033931,0.9940129999999999,1.064934,1.122683,1.0367680000000001
0.599301,0.6670470000000001,0.737017,0.818918,0.8077949999999999,0.806178,0.754206,0.654913,0.6474310000000001,0.784135,0.813458,0.749959,0.7584529999999999,0.777824,0.765091,0.7659,0.8475520000000001,0.814608,0.735583,1.15981,1.205891,1.1240370000000002,1.0832110000000001,1.1151440000000001,1.0983690000000002,1.044002,1.10992,1.05815,1.051274,1.0971790000000001,1.11174,1.1123459999999998,1.019525,1.051477,1.071092,1.053701,1.019323,0.96998,0.945308,0.961284,1.0389389999999998
1.014718,1.0612709999999999,1.04065,0.813619,0.901157,0.879727,0.8449549999999999,0.8548610000000001,0.846168,0.9272360000000001,0.939366,0.891251,0.774197,0.702631,0.639556,0.6157,0.626617,0.614689,0.624393,1.185602,1.292143,1.239176,1.2559559999999999,1.11909,1.105343,1.033979,1.026701,0.9990040000000001,0.942398,1.002845,0.994557,0.946846,0.8821530000000001,0.922586,0.826154,0.795829,0.8882180000000001,0.7944140000000001,0.8548610000000001,0.828377,0.8182689999999999
0.774512,0.636413,0.6507689999999999,0.733466,0.8392139999999999,0.801606,0.720121,0.804841,0.8828879999999999,0.888549,0.8748,0.8622639999999999,0.854985,0.851345,0.91261,0.983984,0.98261,0.972102,0.974931,1.062027,1.305126,1.176403,1.275421,1.274612,1.268146,1.190627,1.145942,1.044036,1.064862,0.9328290000000001,0.9603280000000001,0.988433,0.9531950000000001,0.9123459999999999,0.8433870000000001,0.8413649999999999,0.8526889999999999,0.9637110000000001,1.013458,0.9382309999999999,1.009414
0.6507689999999999,0.733466,0.8392139999999999,0.801606,0.720121,0.804841,0.8828879999999999,0.888549,0.8748,0.8622639999999999,0.854985,0.851345,0.91261,0.983984,0.98261,0.972102,0.974931,1.062027,1.305126,1.176403,1.275421,1.274612,1.268146,1.190627,1.145942,1.044036,1.064862,0.9328290000000001,0.9603280000000001,0.988433,0.9531950000000001,0.9123459999999999,0.8433870000000001,0.8413649999999999,0.8526889999999999,0.9637110000000001,1.013458,0.9382309999999999,1.009414,1.124682,1.136411
0.797113,0.8378450000000001,0.8333870000000001,0.728416,0.7521260000000001,0.644116,0.773606,0.767324,0.805651,0.9187879999999999,0.882495,0.945551,0.9605549999999999,0.91676,0.749894,1.081194,1.098428,1.061324,1.053619,1.162701,1.3518700000000001,1.372754,1.215822,1.2089290000000001,1.1551870000000002,1.168562,1.1762620000000001,1.108781,1.1203319999999999,1.1750459999999998,1.153161,1.0589309999999998,1.045353,0.981925,0.9472729999999999,0.949908,0.893167,0.7525310000000001,0.792655,0.902691,0.9062690000000001
0.755922,0.8007029999999999,0.817724,0.7364689999999999,0.693512,0.7842899999999999,0.7964720000000001,0.8451299999999999,0.7579520000000001,0.643403,0.606302,0.523179,0.535546,0.546696,0.615223,0.675639,0.764642,0.82445,0.825464,1.09815,1.2086430000000001,1.15593,1.0774700000000001,1.127952,1.048478,1.022989,0.957742,0.807998,0.91985,1.037579,1.020152,1.059057,1.044873,0.948218,0.868382,0.8481190000000001,0.89979,0.9083,0.955513,0.912961,0.9093129999999999
0.701418,0.7295189999999999,0.751959,0.753374,0.7737930000000001,0.6692739999999999,0.6074109999999999,0.601144,0.606603,0.682212,0.785721,0.76227,0.744681,0.708696,0.688682,0.971914,0.900954,1.0022389999999999,1.057632,1.184592,1.204808,1.163162,1.0531840000000001,0.962008,1.014571,1.006282,0.98829,0.987683,0.939366,0.8645649999999999,0.844348,0.7782399999999999,0.657144,0.67918,0.7788470000000001,0.845561,0.854052,0.863073,0.825262,0.8208139999999999,0.746811
0.592757,0.812571,0.7949609999999999,0.833823,0.83099,0.740514,0.646192,0.655503,0.71663,0.721487,0.683233,0.805689,0.799617,0.837669,0.782173,0.667675,0.815551,0.8396239999999999,0.9017280000000001,0.9798129999999999,1.219935,1.061135,1.007932,0.9067850000000001,0.874216,0.8982889999999999,0.9017280000000001,0.85601,0.833823,0.782412,0.732013,0.765005,0.74942,0.773576,1.059528,1.0844200000000002,1.024923,1.048196,1.015411,1.014602,1.0026620000000002
0.8873559999999999,0.813571,0.699447,0.5790390000000001,0.582485,0.5790390000000001,0.7527590000000001,0.9110719999999999,0.806678,0.9248559999999999,0.8441790000000001,0.887558,0.9534379999999999,0.9090450000000001,0.8656659999999999,0.933573,0.8792469999999999,0.810125,0.742015,1.149253,1.204591,1.0975620000000001,1.155942,1.072427,0.925262,0.909248,0.9495870000000001,0.9135049999999999,0.9088430000000001,0.9329649999999999,0.966817,0.9104639999999999,0.897491,0.858369,0.987087,0.9090450000000001,1.020129,1.011007,0.951816,0.933775,0.9131
0.705257,0.7677609999999999,0.7890010000000001,0.840987,0.793046,0.706875,0.7807069999999999,0.8941870000000001,0.91138,0.9312790000000001,0.9237989999999999,0.8310049999999999,0.7925939999999999,0.721634,0.70445,0.7224430000000001,0.724869,0.718198,0.6723060000000001,0.680797,1.355421,1.2682879999999999,1.146382,1.109184,1.095437,1.0321420000000001,1.014543,1.002002,0.884275,0.924933,0.931608,0.92109,1.161398,1.1197290000000002,1.144811,1.016566,0.8776,0.9376770000000001,0.893984,0.818534,0.8298610000000001
0.64423,0.7011649999999999,0.725885,0.6961,0.691642,0.649093,0.634707,0.561764,0.510705,0.5909409999999999,0.701368,0.777349,0.7408779999999999,0.893652,0.8196959999999999,0.758303,0.793559,0.695492,0.987058,1.0790469999999999,1.211761,1.216624,1.047641,0.9609209999999999,0.9712540000000001,0.9777379999999999,0.966392,1.0254940000000001,0.938559,0.8540559999999999,0.948084,0.9784809999999999,0.977873,0.936533,0.97382,0.973617,0.9916530000000001,1.007662,1.012322,1.034613,0.965917
0.685649,0.701216,0.746905,0.787338,0.742862,0.788349,0.8489979999999999,0.935322,0.911467,0.895294,0.8492,0.879727,0.8787159999999999,0.905402,0.900954,0.867597,0.832623,0.827569,0.808363,0.772378,1.23675,1.1934870000000002,1.185602,1.159725,1.018008,0.9337049999999999,0.9612,0.8837709999999999,0.66422,0.5594979999999999,0.573852,0.712537,0.9047959999999999,0.9672649999999999,0.9514959999999999,1.009259,0.882685,0.7532810000000001,0.691005,0.842651,0.8050430000000001
0.49442700000000006,0.619827,0.6813140000000001,0.659672,0.614164,0.47683100000000006,0.567847,0.68637,0.711855,0.883268,0.9645290000000001,0.9364309999999999,0.8284879999999999,0.817167,0.795942,0.838468,0.917753,0.835232,0.9094610000000001,1.023939,1.218915,1.206577,1.236309,1.081784,0.97924,0.8783129999999999,0.924832,0.998859,0.938788,0.884583,0.787297,0.749272,0.7179220000000001,0.761205,0.817231,0.8851899999999999,0.8760879999999999,0.782038,0.667358,0.7399680000000001,0.8430629999999999
0.7739050000000001,0.77431,0.7327739999999999,0.6391640000000001,0.65866,0.593453,0.5005029999999999,0.553154,0.521361,0.580695,0.684783,0.729942,0.786037,0.734803,0.65866,0.63841,0.724677,0.733993,0.9120790000000001,1.092488,1.267026,1.064951,1.0706200000000001,1.054624,0.979302,0.984769,0.958167,0.923134,0.935082,0.9401440000000001,0.9744959999999999,1.0052940000000001,1.020693,0.983209,0.904593,0.889599,0.919587,0.8144279999999999,0.830435,0.8873709999999999,0.824559
0.8452790000000001,0.793316,0.7540899999999999,0.7195050000000001,0.705562,0.65383,0.6200829999999999,0.496411,0.978165,0.93391,0.814684,0.697075,0.70152,0.6516069999999999,0.650597,0.711422,0.805245,0.938693,1.034129,1.157467,1.23147,1.116219,0.9819620000000001,0.89138,0.923326,0.937075,1.08589,1.027052,0.868936,0.787856,0.6481399999999999,0.7682439999999999,0.942737,0.910658,0.772176,0.634299,0.545347,0.656942,0.633895,0.683021,0.725476
0.714538,0.674825,0.692655,0.7972060000000001,0.7366229999999999,0.665824,0.639772,0.754251,0.845834,0.9278719999999999,0.933744,0.941641,0.924025,0.838781,0.875025,0.9537120000000001,0.957155,0.969508,1.006566,1.147713,1.268697,1.043183,0.952816,0.936607,0.8790629999999999,0.889194,0.9183709999999999,0.9092530000000001,0.895475,0.896286,0.8906120000000001,0.763977,0.714943,0.74412,0.720414,0.747362,0.8194940000000001,0.803284,0.759722,0.690224,0.757088
0.9057350000000001,0.860848,0.783408,0.706979,0.60022,0.6677529999999999,0.7312420000000001,0.7219409999999999,0.727603,0.806054,0.78361,0.7437779999999999,0.698689,0.763356,0.6778770000000001,0.646353,0.647161,0.893494,0.987864,1.144879,1.209229,1.167374,1.107121,1.0035969999999999,0.9150360000000001,0.825262,0.906949,0.973066,0.9206979999999999,0.900883,0.861051,0.8923909999999999,0.952442,0.8788440000000001,0.8568040000000001,0.8790459999999999,0.873991,0.904724,0.956284,1.10611,1.064862
0.8197270000000001,0.774833,0.743488,0.772165,0.8582629999999999,0.8348190000000001,0.873017,0.926374,0.9182899999999999,0.964775,0.904142,0.8926219999999999,0.776207,0.682929,0.887432,0.9617959999999999,0.844389,0.8361040000000001,1.043031,1.186304,1.207523,1.182135,1.226617,1.276149,1.293136,1.232063,1.2215479999999999,1.188585,1.121446,0.94086,1.024985,1.033074,0.9693729999999999,0.860778,0.997685,1.020334,1.127715,1.088079,1.07453,0.993842,0.9358040000000001
0.9008729999999999,0.9020889999999999,0.929668,0.865183,0.709242,0.65956,0.7852859999999999,0.739342,0.826109,0.734286,0.598575,0.545787,0.635789,0.731657,0.948867,0.901965,0.944824,0.9696899999999999,0.8451569999999999,1.017806,1.20784,1.000383,0.792844,0.814488,0.8929729999999999,0.883466,0.8335030000000001,0.9035719999999999,0.9121889999999999,0.856562,0.8906280000000001,0.7959729999999999,0.732969,0.734183,0.768368,0.7991149999999999,0.8674850000000001,0.890141,0.8816450000000001,0.919269,0.897625
0.857007,0.79837,0.759954,0.730125,0.794818,0.7782399999999999,0.798053,0.7737930000000001,0.715367,0.685447,0.639353,0.614083,0.791381,0.795829,0.777432,0.82211,0.867395,0.988492,1.072997,1.0978629999999998,1.203797,1.18355,1.12734,1.098224,1.1079290000000002,1.0776,1.0525280000000001,1.016133,0.967,0.9758969999999999,1.0300850000000001,0.9704379999999999,1.000969,0.9213040000000001,0.833148,0.8713620000000001,0.7973600000000001,0.8968389999999999,0.97529,0.9609340000000001,0.9856020000000001
0.642578,0.6508689999999999,0.62503,0.612095,0.65858,0.700012,0.694353,0.768729,0.705267,0.68829,0.753571,0.74003,0.725276,0.7701439999999999,0.73619,0.71032,1.172947,1.119186,1.061181,1.09372,1.288554,1.23358,1.131515,1.077956,1.05451,1.071092,1.177058,1.09455,1.047028,1.061588,0.991618,0.996067,1.023974,1.03085,1.069475,0.975642,0.84278,0.816289,0.8379270000000001,0.893943,1.032265
0.648365,0.627891,0.5859310000000001,0.638837,0.76188,0.828571,0.857558,0.997223,1.050534,1.1729690000000002,1.170557,1.214943,1.133873,1.190042,1.130423,1.165708,1.185783,1.205047,1.0841889999999998,1.28535,1.264463,1.235262,1.094531,0.90797,0.7885310000000001,0.741079,0.716137,0.8047529999999999,1.014634,1.073238,0.9935450000000001,0.859505,0.775147,0.8848530000000001,1.0931110000000002,1.02092,0.981986,1.057218,1.0391709999999998,1.0359260000000001,0.9785379999999999
0.752995,0.837548,0.870317,0.891759,0.91138,0.8417959999999999,0.8013399999999999,0.8270299999999999,0.722046,0.710516,0.7513770000000001,0.807408,0.811454,0.7983060000000001,0.849685,0.919269,0.792237,0.8215680000000001,0.8535280000000001,0.887288,1.204321,1.1952200000000002,1.114926,1.033013,0.957169,0.9949899999999999,0.882252,0.938283,0.9704459999999999,0.930109,0.944682,1.0179479999999999,1.108419,1.103561,0.996899,0.9612780000000001,0.7768970000000001,0.7702180000000001,0.849152,0.829317,0.79997
0.620536,0.6694,0.730226,0.7904439999999999,0.755165,0.689675,0.679335,0.625808,0.694136,0.734079,0.615873,0.7673300000000001,0.732862,0.645475,0.576336,0.678524,0.757302,0.990765,0.995834,1.038818,1.2344760000000001,1.179732,1.0964,1.007188,0.996848,0.9812360000000001,0.990157,1.092975,1.108579,0.9472729999999999,0.951326,0.921942,0.884048,0.833184,0.834197,0.8621620000000001,0.9132290000000001,0.796708,0.741791,0.6858609999999999,0.731861
0.772487,0.832259,0.8466450000000001,0.9511950000000001,1.008738,0.989287,0.91209,0.813415,0.8119970000000001,0.856978,0.8344870000000001,0.74331,0.648079,0.5050319999999999,0.454175,0.384272,1.092622,1.054733,1.038928,1.0287979999999999,1.3616979999999999,1.044602,1.00732,0.993137,0.9449139999999999,1.018059,1.044399,1.065066,1.044602,0.8480629999999999,0.9151290000000001,1.0367,0.971591,0.968551,0.957203,0.923766,0.981318,0.990842,0.9746299999999999,0.8826290000000001,0.935317
0.938961,0.9001459999999999,0.8963049999999999,0.889229,0.790977,0.8316120000000001,0.7088979999999999,0.58396,0.48671899999999996,0.6092310000000001,0.6130720000000001,0.521896,0.617924,0.705866,0.715367,1.102311,1.058036,1.058845,1.121718,1.102715,1.245847,1.2699049999999998,1.237154,1.176707,1.110195,1.08169,1.064255,1.0887209999999998,1.050506,1.106918,1.175867,1.142909,1.105907,1.047878,1.011685,0.972662,0.97529,0.9665959999999999,0.855389,0.786239,0.772894
0.855211,0.844066,0.83515,0.7968529999999999,0.703212,0.698346,0.679897,0.675842,0.722472,0.786335,0.78005,0.804176,0.779645,0.8003239999999999,0.797689,0.714565,0.732406,0.669354,1.133224,1.196884,1.2163469999999998,1.235607,1.121667,1.1007850000000001,1.0261770000000001,0.9318049999999999,0.8872270000000001,0.8521709999999999,0.944166,0.809416,0.923092,0.8779049999999999,0.818332,0.7721319999999999,0.8618979999999999,0.965239,1.005968,1.0304870000000002,0.948421,0.953892,0.8870239999999999
0.7408779999999999,0.688226,0.723867,0.6499520000000001,0.560647,0.573405,0.6025659999999999,0.650965,0.649547,0.654812,0.687821,0.765989,0.797814,0.79599,0.784846,0.753846,0.8148340000000001,0.831651,0.715956,0.627818,1.206337,1.159741,1.0364010000000001,0.9849709999999999,1.018785,1.0243870000000002,1.027695,0.95837,0.909566,0.871292,0.8644069999999999,0.912401,0.9103760000000001,0.855294,0.8496239999999999,0.8883030000000001,0.802642,0.7850239999999999,0.8810120000000001,0.840511,0.791099
0.8140649999999999,0.8888879999999999,0.825591,0.7349939999999999,0.7811020000000001,0.695965,0.7174010000000001,0.730328,0.7988430000000001,0.8103640000000001,0.912429,0.809026,0.770429,0.7342569999999999,0.788009,0.684142,0.9066290000000001,0.996958,1.0303,1.163066,1.253307,1.1970969999999999,1.158882,1.096809,1.03979,0.927572,0.945163,0.942737,0.874732,0.75643,0.713963,0.816896,0.8850459999999999,0.90365,1.014469,0.979282,0.9159860000000001,0.7928310000000001,0.8579469999999999,0.816491,0.823569
0.7130449999999999,0.714662,0.707383,0.615789,0.562208,0.559175,0.575755,0.750653,0.8394159999999999,0.79372,0.844875,0.745598,0.7284109999999999,0.793922,0.871767,0.850941,0.762987,0.795135,0.673819,0.758943,1.211884,1.072188,0.9967809999999999,0.94395,0.902905,0.9287850000000001,0.9718530000000001,0.9704379999999999,0.9926790000000001,0.951836,1.085688,1.065469,1.0203790000000001,0.978525,1.022199,0.865499,0.925348,0.925955,0.9097790000000001,0.967,0.97529
0.698392,0.762497,0.873923,0.74733,0.674951,0.58097,0.5876399999999999,0.694959,0.7194149999999999,0.750337,0.691524,0.576321,0.509221,0.904142,0.9227360000000001,0.915258,0.961743,1.049661,1.059968,1.118378,1.29017,1.200232,0.991251,0.792629,0.741263,0.811233,0.8623959999999999,0.914166,0.928322,0.848514,0.9043200000000001,0.936267,0.838405,0.809896,0.7880590000000001,0.821421,0.8798549999999999,0.904724,0.9587100000000001,1.032309,1.017144
0.7651789999999999,0.7234619999999999,0.6896439999999999,0.6088439999999999,0.564292,0.534321,0.678506,0.720425,0.802237,0.850029,0.8911379999999999,0.872102,0.741283,0.681341,0.5930479999999999,0.629499,0.7101069999999999,0.9929979999999999,1.067318,1.110857,1.2082629999999999,1.2066430000000001,1.2233100000000001,1.237088,1.1290930000000001,1.116531,1.113694,1.051086,1.072563,1.049059,1.0873540000000002,1.021909,0.913711,0.7874800000000001,0.9384299999999999,1.029608,0.9558549999999999,0.9068219999999999,0.815036,0.81686,0.779173
1.116531,1.113694,1.051086,1.072563,1.049059,1.0873540000000002,1.021909,0.913711,0.7874800000000001,0.9384299999999999,1.029608,0.9558549999999999,0.9068219999999999,0.815036,0.81686,0.779173,0.7684340000000001,0.558523,0.6454449999999999,1.153812,1.207506,1.186839,1.086746,0.98098,0.8479530000000001,0.8634620000000001,0.9680120000000001,0.953908,0.826276,0.9078350000000001,1.043454,1.066773,1.095728,1.050575,1.027087,1.018583,0.8774540000000001,0.686718,0.670412,0.71517,0.691928
0.63922,0.693871,0.644432,0.546366,0.616134,0.7797810000000001,0.816818,0.815805,0.846384,0.804667,0.7171850000000001,0.666963,0.659065,0.709396,0.689958,0.799297,0.9098510000000001,1.122609,1.109034,1.091001,1.21865,1.2699120000000002,1.1523940000000001,0.9765219999999999,0.994353,1.063445,1.0972819999999999,1.1045770000000001,1.091204,1.075197,1.066079,0.965784,1.009144,0.8997299999999999,0.957476,0.9131030000000001,1.0707389999999999,1.0480459999999998,1.0677,0.936607,0.90743
0.805624,0.823052,0.7304430000000001,0.699438,0.6471560000000001,0.6724859999999999,0.721324,0.791844,0.8773610000000001,0.895065,0.8472149999999999,0.790039,0.7573949999999999,0.735092,0.725969,0.729618,0.768141,0.692109,0.982858,1.1462780000000001,1.223324,1.169189,1.006783,0.857556,0.751313,0.823291,0.8718889999999999,0.9245770000000001,0.8670260000000001,0.8250780000000001,0.810285,0.8489899999999999,0.8200120000000001,0.811906,0.8441270000000001,0.902691,0.928225,0.8684440000000001,0.742196,0.7014640000000001,0.749694
0.838938,0.87635,0.924884,0.8852479999999999,0.8379270000000001,0.812649,0.7103229999999999,0.643184,0.697381,0.771597,0.868059,0.910674,0.848985,0.858087,0.907236,0.8552549999999999,0.781634,0.788308,0.758142,0.804635,1.2519719999999999,1.2010399999999999,1.183659,1.159869,1.16998,1.171194,1.0975840000000001,1.046219,1.056128,0.9711930000000001,0.9598690000000001,0.981507,0.9582510000000001,0.836511,0.779888,0.900819,0.986562,1.036108,1.0359049999999999,0.9531950000000001,0.95724
0.765786,0.7882640000000001,0.7475609999999999,0.756471,0.7404729999999999,0.700152,0.739865,0.7329760000000001,0.711701,0.690629,0.71312,0.690021,0.748983,0.766408,0.779578,0.758303,0.734192,0.842592,0.802879,1.153812,1.203251,1.1645510000000001,0.9973920000000001,0.9615290000000001,0.9287049999999999,0.8970959999999999,0.8729120000000001,0.8757469999999999,0.889315,1.032892,0.919083,0.982873,1.061648,1.118552,1.187607,1.178089,1.0932389999999998,1.088177,1.034917,0.942169,1.029855
0.735599,0.677949,0.746927,0.823793,0.7687729999999999,0.769987,0.7847529999999999,0.747736,0.7820819999999999,0.8629479999999999,0.903583,0.997185,1.043683,0.9575610000000001,0.913691,0.870023,0.869215,0.9632209999999999,0.8728540000000001,1.087957,1.334598,1.286483,1.257169,1.1356680000000001,1.083509,0.9992059999999999,0.8787159999999999,0.943207,0.9102540000000001,0.904998,0.929258,0.997589,0.997589,0.9039870000000001,0.863352,0.841189,0.8337049999999999,0.862024,0.917449,0.878409,0.887107
0.709692,0.678675,0.718793,0.728924,0.756682,0.785251,0.780591,0.752225,0.708662,0.689616,0.777957,0.792748,0.826585,0.766813,0.764382,0.725074,0.676446,0.670367,0.703394,0.983411,1.228781,1.184408,1.036092,0.979764,0.965784,0.8588020000000001,0.848468,0.8145899999999999,0.8237030000000001,0.898225,0.9253610000000001,0.967888,0.9346770000000001,0.801832,0.6803279999999999,0.5594319999999999,0.5527489999999999,0.7303470000000001,0.887493,0.9618120000000001,0.9348790000000001
0.692932,0.725288,0.646015,0.632062,0.614873,0.589595,0.617704,0.634286,0.6088060000000001,0.654307,0.551981,0.566946,0.630444,0.80638,0.7853020000000001,0.893228,0.743263,0.813597,0.801067,1.153545,1.234995,1.2279209999999998,1.186488,0.979282,0.9442969999999999,0.972407,0.981102,1.03085,0.996876,0.8971790000000001,0.8486450000000001,0.8472290000000001,0.8690700000000001,0.9455110000000001,0.9924270000000001,1.033479,0.992225,0.94086,0.884641,0.8282200000000001,0.716592
0.828766,0.790492,0.7333850000000001,0.598111,0.487745,0.5331060000000001,0.627069,0.5994510000000001,0.671583,0.777552,0.871567,0.9398489999999999,0.965784,0.90743,0.8008529999999999,0.851102,0.6294390000000001,0.935472,0.9346620000000001,1.156297,1.248678,1.174242,1.109845,1.14493,1.109642,1.0189190000000001,1.002111,0.7422949999999999,0.773076,0.872102,0.9180709999999999,0.935284,0.921716,0.9502700000000001,0.95675,0.9443969999999999,0.8177810000000001,0.81009,0.873034,0.885178,0.838425
0.8225870000000001,0.8225870000000001,0.761596,0.783682,0.8398110000000001,0.955513,0.916811,0.868584,0.7877350000000001,0.765243,0.780035,0.775982,0.8894549999999999,0.81975,0.823398,0.705389,0.6968770000000001,0.901208,0.927955,1.058247,1.234738,1.088642,1.115591,1.095531,0.9778020000000001,0.78814,0.725325,0.697159,0.650351,0.6177279999999999,0.736875,0.8951290000000001,0.870408,0.746803,0.809214,0.874866,0.930792,0.7575430000000001,0.649946,0.602733,0.679125
0.7231069999999999,0.702259,0.719666,0.672505,0.688495,0.674124,0.751444,0.821477,0.876936,0.822084,0.6411319999999999,0.6132,0.673315,0.79152,0.799819,0.687483,0.5706939999999999,0.538916,0.731608,0.786258,1.223457,1.093512,1.0271219999999999,0.9919030000000001,0.971258,1.0107270000000002,1.057483,0.976723,1.021252,1.040683,1.056471,1.014775,1.051613,0.964376,0.9087139999999999,0.959316,0.7868649999999999,0.776137,0.8994030000000001,0.826942,0.773304
0.799988,0.741554,0.786845,0.78078,0.783004,0.7682439999999999,0.7575270000000001,0.759347,0.826678,0.8622639999999999,0.7712760000000001,0.711023,0.719303,0.751029,0.710412,0.619679,0.6534260000000001,0.641907,0.679292,1.1687239999999999,1.296841,1.239249,1.182741,1.043632,0.976908,0.979334,0.912408,0.9742790000000001,1.092158,1.0869010000000001,1.079824,1.136843,1.108334,1.1663629999999998,1.2063979999999999,1.19002,1.102268,0.980001,0.8903690000000001,0.934918,0.9282469999999999
0.710412,0.619679,0.6534260000000001,0.641907,0.679292,1.1687239999999999,1.296841,1.239249,1.182741,1.043632,0.976908,0.979334,0.912408,0.9742790000000001,1.092158,1.0869010000000001,1.079824,1.136843,1.108334,1.1663629999999998,1.2063979999999999,1.19002,1.102268,0.980001,0.8903690000000001,0.934918,0.9282469999999999,0.916925,0.975958,0.955741,0.9630190000000001,0.996174,1.026297,0.922384,0.78471,0.728104,0.7151649999999999,0.752768,0.8124060000000001,0.8354530000000001,0.865778
0.564836,0.583034,0.534305,0.6461180000000001,0.798168,0.857815,0.77896,0.824858,0.908364,0.848717,0.770265,0.756205,0.648249,0.601346,0.76793,0.8388899999999999,0.8144279999999999,0.841518,0.7816770000000001,0.829793,1.2068299999999998,1.145169,1.049748,0.968275,0.925214,0.983033,1.021647,1.013358,0.99395,1.0161879999999999,1.015784,0.994152,0.976766,1.036203,0.9773729999999999,1.073199,1.088159,1.014773,1.057834,1.00481,0.9057350000000001
0.8772399999999999,0.955045,0.89041,0.736826,0.717172,0.664289,0.611608,0.61485,0.707446,0.6800930000000001,0.642204,0.656589,0.582229,0.5895229999999999,0.5656140000000001,0.99415,0.985032,1.022314,0.989692,1.044804,1.268494,1.4137709999999999,1.286122,1.175087,0.898717,0.927692,0.863664,0.860017,0.878861,0.8798739999999999,0.8494809999999999,0.887776,0.904998,0.9376200000000001,0.9183709999999999,0.863057,0.859142,0.7179949999999999,0.734398,0.8577239999999999,0.8451690000000001
0.8492790000000001,0.8847370000000001,0.847455,0.837932,0.8652850000000001,0.8444159999999999,0.820102,0.859612,0.86954,0.8124020000000001,0.9530190000000001,0.9319459999999999,0.829219,0.825775,0.824154,0.784644,0.972875,0.986451,1.113897,1.1169360000000002,1.287743,1.171035,1.184408,1.1203809999999998,1.136387,1.150368,1.153002,1.17995,1.097688,1.111668,1.107413,1.147126,1.308612,1.226552,1.069343,0.8850620000000001,0.9065280000000001,0.953105,1.014262,1.025197,1.0416
0.799605,0.809932,0.878582,0.8729120000000001,0.8563069999999999,0.788669,0.8172649999999999,0.841174,0.8983120000000001,0.8563700000000001,0.8689319999999999,0.839148,0.8588020000000001,0.843808,0.854547,0.811187,0.82537,0.9874639999999999,0.901756,0.810579,1.2368860000000002,1.295442,1.3144879999999999,1.218853,1.147126,1.0914059999999999,1.0709629999999999,1.058611,0.9830760000000001,0.978216,0.992391,1.0326899999999999,1.1622940000000002,1.11106,1.055775,1.071774,1.12564,1.036132,0.949257,0.8737219999999999,0.824918
1.0000149999999999,0.972319,0.907222,0.877301,0.962615,0.9298639999999999,0.862341,0.854742,0.838357,0.8818469999999999,0.8541350000000001,0.9045030000000001,0.838357,0.769987,0.767357,0.8250069999999999,0.816713,0.8539329999999999,0.828041,0.832289,1.209176,1.202057,1.12074,1.096871,0.965591,0.995326,1.038008,1.027691,1.033355,1.059652,1.041649,1.077849,1.180952,1.229674,1.20966,1.218353,1.149011,1.04065,1.079668,1.012752,0.966456
0.769987,0.767357,0.8250069999999999,0.816713,0.8539329999999999,0.828041,0.832289,1.209176,1.202057,1.12074,1.096871,0.965591,0.995326,1.038008,1.027691,1.033355,1.059652,1.041649,1.077849,1.180952,1.229674,1.20966,1.218353,1.149011,1.04065,1.079668,1.012752,0.966456,1.0315530000000002,0.968275,1.029733,0.859915,0.800883,0.7676229999999999,0.81903,0.784243,0.880919,0.96809,0.938966,0.96,0.853615
0.901524,0.938788,0.898284,0.7907109999999999,0.696996,0.670076,0.697199,0.619069,0.641334,0.7154149999999999,0.786663,0.873293,0.817833,0.854469,0.819048,0.866816,0.829775,0.711367,0.925716,1.063555,1.344091,1.362308,1.359677,1.315957,1.153424,1.083189,0.9981780000000001,1.023883,1.0135610000000002,0.9085120000000001,1.041291,1.065984,1.0447309999999999,0.924097,0.851635,0.793342,0.979152,0.955672,0.9429209999999999,1.01291,0.85285
0.9091610000000001,0.772671,0.724677,0.737233,0.726905,0.666518,0.745538,0.766408,0.729937,0.740676,0.7629640000000001,0.7988270000000001,0.708662,0.627818,1.051557,1.056825,1.066571,1.074001,1.093644,1.1363729999999999,1.220616,1.247347,1.239449,1.234589,1.095872,1.017907,1.037347,1.03998,0.9348790000000001,0.953105,0.961002,0.973153,0.954725,0.8822270000000001,0.822083,0.8601540000000001,0.9502700000000001,0.9296139999999999,0.886885,1.000289,0.9646469999999999
0.7762479999999999,0.8215469999999999,0.743286,0.8615870000000001,0.91275,0.969778,1.010829,0.9473309999999999,0.856734,0.792629,0.8477540000000001,0.807534,0.8176399999999999,0.838255,0.8156180000000001,0.9540629999999999,1.006813,1.0793709999999999,1.141014,1.1232280000000001,1.223368,1.218717,1.1908100000000001,1.195461,1.1250870000000002,0.9653290000000001,1.0152780000000001,0.942477,0.910324,0.815278,0.877159,1.02903,1.0613860000000002,0.9784729999999999,0.954206,0.9445,0.936208,0.855116,0.8905049999999999,0.895561,0.8654299999999999
0.588812,0.61853,0.61853,0.750948,0.879727,0.8394959999999999,0.8999440000000001,0.873662,0.8308030000000001,0.79502,0.788349,0.810789,0.805331,0.740638,0.7244649999999999,0.7636850000000001,0.7709630000000001,0.776825,1.127177,1.151437,1.216534,1.181761,1.1025129999999999,1.083913,1.070166,1.0115379999999998,0.9913219999999999,0.9731270000000001,1.0000149999999999,1.001026,1.0546,1.018412,1.016997,1.06956,0.940174,0.9375459999999999,0.936738,1.031096,1.030691,1.042419,1.007439
0.587497,0.66125,0.692655,0.767624,0.741689,0.739055,0.913913,1.068713,1.122204,1.08938,0.9744959999999999,0.954032,0.9682149999999999,0.834285,0.713728,0.6600779999999999,0.681138,0.773279,0.8196530000000001,1.052738,1.218591,1.191455,1.1068639999999998,0.9262520000000001,0.8268340000000001,0.890008,0.864293,0.821367,0.9222030000000001,0.866318,0.744024,0.7806930000000001,0.783327,0.74605,0.704407,0.642204,0.627413,0.7878850000000001,0.8808870000000001,0.928299,0.9641629999999999
0.638674,0.587167,0.5881810000000001,0.622451,0.65368,0.7088369999999999,0.7003199999999999,0.789747,0.806376,0.799075,0.756491,0.8009,0.638674,0.726073,0.897222,0.872483,0.964749,1.034507,0.94589,1.059449,1.2559360000000002,1.268105,1.172985,1.007691,1.001607,0.962667,0.99702,1.0894540000000001,0.883707,0.8715450000000001,0.818233,0.9206,0.919789,0.847828,0.858369,0.873977,0.8723549999999999,0.875396,0.9169510000000001,0.8603959999999999,0.9285049999999999
0.7941729999999999,0.8326020000000001,0.817231,0.793769,0.874268,0.889437,0.842513,0.8491879999999999,0.8785149999999999,0.898943,0.879122,0.8220850000000001,0.813995,0.780824,0.813793,0.680505,0.709225,0.7668689999999999,0.8324,1.061356,1.211641,1.2142700000000002,1.124655,1.064574,0.9931639999999999,0.974756,0.9555379999999999,0.9893209999999999,1.036455,1.007932,1.1349719999999999,1.119597,1.1349719999999999,1.0797459999999999,1.072463,0.988714,0.91175,0.906892,0.928955,1.057888,0.893533
0.768029,0.7739050000000001,0.724669,0.820507,0.771676,0.863664,0.9667969999999999,0.898109,0.794977,0.8369190000000001,0.780794,0.854749,0.806729,0.8172649999999999,0.80369,0.8557620000000001,0.9023639999999999,0.8148340000000001,0.802271,1.033458,1.225539,1.226552,1.1838,1.194133,1.219258,1.180558,1.139427,1.156649,1.1215959999999998,1.0828959999999999,1.0847200000000001,1.100727,1.05453,1.065269,1.075197,1.11673,1.135361,0.9966440000000001,0.923336,0.946219,1.017299
0.771676,0.863664,0.9667969999999999,0.898109,0.794977,0.8369190000000001,0.780794,0.854749,0.806729,0.8172649999999999,0.80369,0.8557620000000001,0.9023639999999999,0.8148340000000001,0.802271,1.033458,1.225539,1.226552,1.1838,1.194133,1.219258,1.180558,1.139427,1.156649,1.1215959999999998,1.0828959999999999,1.0847200000000001,1.100727,1.05453,1.065269,1.075197,1.11673,1.135361,0.9966440000000001,0.923336,0.946219,1.017299,1.0322850000000001,0.9778100000000001,0.994821,0.8881
0.920293,0.855389,0.7880590000000001,0.6978800000000001,0.697071,0.793113,0.807469,0.7739050000000001,0.759464,0.762987,0.842578,0.9667959999999999,0.923343,0.934459,0.793589,0.8220860000000001,0.779239,0.81481,1.067281,1.14791,1.220456,1.2560209999999998,1.212575,1.0624360000000002,1.059605,1.115815,1.073556,1.007843,0.972864,0.963967,0.9344469999999999,0.915441,0.9366709999999999,0.973066,0.9973290000000001,1.003193,0.9342450000000001,0.935054,0.893199,0.988433,0.973875
0.812447,0.653093,0.618715,0.680596,0.764115,0.6630020000000001,0.563508,0.58009,0.687876,0.8019310000000001,0.733579,0.5770569999999999,0.60739,0.573088,0.6511020000000001,0.721234,0.812587,0.87039,0.865944,0.8774639999999999,1.270566,1.204072,1.181638,1.246017,1.201932,1.16634,1.1631049999999998,1.1030440000000001,1.1054709999999999,1.0646209999999998,0.968767,0.9487459999999999,0.9489479999999999,0.990607,0.95542,0.884843,0.852083,0.881608,0.96088,1.030041,1.056734
0.680596,0.764115,0.6630020000000001,0.563508,0.58009,0.687876,0.8019310000000001,0.733579,0.5770569999999999,0.60739,0.573088,0.6511020000000001,0.721234,0.812587,0.87039,0.865944,0.8774639999999999,1.270566,1.204072,1.181638,1.246017,1.201932,1.16634,1.1631049999999998,1.1030440000000001,1.1054709999999999,1.0646209999999998,0.968767,0.9487459999999999,0.9489479999999999,0.990607,0.95542,0.884843,0.852083,0.881608,0.96088,1.030041,1.056734,1.032265,0.978878,0.9087059999999999
0.6807979999999999,0.644195,0.677967,0.775035,0.811638,0.862801,0.937017,0.946522,0.874125,0.8927299999999999,0.851678,0.851008,0.862801,0.871841,0.7775880000000001,0.7802180000000001,0.781027,0.639484,0.649794,0.716298,1.240759,1.1521700000000001,1.0991790000000001,1.065604,0.961441,0.9167420000000001,0.8732559999999999,0.918967,0.912697,0.853233,0.8643569999999999,0.912899,0.9879370000000001,0.9832850000000001,0.9832850000000001,0.884641,0.959666,0.920435,0.884641,0.882821,0.846016
0.8845790000000001,0.788147,0.824941,0.8431350000000001,0.8629479999999999,0.8469760000000001,0.898933,0.9595819999999999,0.7988609999999999,0.70344,0.733158,0.845966,0.776017,0.709909,0.8006810000000001,0.8781100000000001,0.907424,0.788147,0.7867310000000001,1.060665,1.263234,1.194093,1.087755,1.093213,1.111004,1.004058,0.997185,1.063697,1.127581,1.030744,1.036405,1.028116,0.9145,0.934918,0.91551,0.9305969999999999,0.854457,0.7327670000000001,0.740858,0.673499,0.779898
0.860625,0.8162520000000001,0.8782530000000001,0.8922329999999999,0.870959,0.8069310000000001,0.722845,0.80369,0.725479,0.719603,0.741486,0.709067,0.71859,0.8259780000000001,0.816657,0.785251,0.7658,0.733179,0.748375,1.116126,1.219663,1.154623,1.056354,1.027177,0.9582870000000001,0.9499790000000001,0.9518030000000001,0.9163450000000001,0.86488,0.848671,0.797611,0.8517100000000001,0.9886790000000001,1.112884,1.1053870000000001,0.982196,0.9104690000000001,0.718197,0.805882,0.866634,0.9476370000000001
0.741588,0.787183,0.8635809999999999,0.903502,0.8540559999999999,0.91485,0.959837,0.9628770000000001,0.8935719999999999,0.910069,0.8425520000000001,0.891416,0.847621,0.870735,0.864044,0.916557,0.829576,0.820249,0.732862,0.644664,1.205279,1.183179,1.141006,1.100252,1.00881,0.9777889999999999,0.9777889999999999,0.898107,0.982858,1.0972110000000002,1.1030659999999999,0.969301,0.9589639999999999,0.971125,0.9688959999999999,0.955924,0.881948,0.8312790000000001,0.779597,0.920659,0.9518709999999999
0.7560020000000001,0.814787,0.7983680000000001,0.819277,0.748704,0.6700050000000001,0.668788,0.566976,0.603482,0.5961810000000001,0.672642,0.804269,0.8247530000000001,0.777497,0.806499,0.785812,0.745047,0.920481,0.989641,1.141752,1.232004,1.102609,0.9827450000000001,0.7971699999999999,0.6856220000000001,0.673453,0.646785,0.8230040000000001,0.649624,0.562833,0.596089,0.54296,0.5666859999999999,0.636038,0.776566,0.941632,0.999425,1.0156479999999999,1.072833,0.8288840000000001,0.747366
0.890207,0.9056059999999999,0.8847370000000001,0.8588020000000001,0.837527,0.74331,0.689211,0.602896,0.703597,0.712309,0.814226,0.900338,0.8186829999999999,0.814631,0.870351,0.837527,1.000634,0.9301229999999999,1.001849,1.103766,1.270723,1.2847030000000002,1.2648469999999998,1.194539,1.171035,1.1645510000000001,1.072158,1.019275,1.024948,0.972875,1.016438,1.0079280000000002,0.96862,0.941875,0.94865,1.027627,0.945207,0.9065280000000001,0.9575600000000001,1.057396,1.006769
0.783833,0.82152,0.80369,0.739663,0.725885,0.940456,0.976117,1.006712,0.776944,0.7818069999999999,0.840566,0.8492790000000001,0.782415,0.73946,0.845024,1.023124,1.091609,1.1525969999999999,1.119367,1.192715,1.233846,1.174277,1.0847200000000001,1.053922,1.041765,1.04565,0.9697100000000001,0.8810120000000001,0.900048,0.8783799999999999,0.9456120000000001,1.042815,1.059623,0.953307,0.954725,0.8629889999999999,0.791099,0.811148,0.838081,0.73217,0.7414850000000001
0.638207,0.71759,0.754446,0.750193,0.7908970000000001,0.9018709999999999,0.9182739999999999,0.823749,0.7827970000000001,0.790722,0.8577879999999999,0.919384,0.872669,0.887864,0.851195,1.054935,1.0875569999999999,1.080262,1.0583799999999999,1.096674,1.233239,1.171643,1.090596,1.175087,1.1203809999999998,1.039131,0.9852350000000001,0.944306,0.952411,0.9289069999999999,0.872782,0.868052,0.8070970000000001,0.804262,0.921716,0.928601,1.0041360000000001,0.947839,0.935284,0.9508770000000001,0.953105
0.5700930000000001,0.523993,0.581619,0.6760430000000001,0.614981,0.6742229999999999,0.6780649999999999,0.7180989999999999,0.770468,0.889762,0.824858,0.8323389999999999,0.748631,0.774512,0.813131,0.872276,0.9421950000000001,1.041213,1.0889030000000002,1.176403,1.205906,1.09135,1.021795,0.9912629999999999,0.944759,0.92737,0.8642860000000001,0.944961,0.9773120000000001,0.905331,0.887942,0.7825989999999999,0.774107,0.8620620000000001,0.851881,0.8797879999999999,0.847634,0.876552,0.8342870000000001,0.865025,0.814267
0.774696,0.785632,0.759508,0.677898,0.614716,0.702807,0.774107,0.7872779999999999,0.853331,0.781402,0.7084590000000001,0.750604,0.750401,0.689211,0.663478,0.775728,0.906502,0.881381,1.00719,1.13293,1.217781,1.074811,0.977203,1.019932,1.038967,1.010617,1.004541,0.871292,0.8953899999999999,0.837878,0.8024399999999999,0.798187,0.708274,0.749383,0.840916,0.863597,0.938524,0.908148,0.798592,0.796972,0.79515
0.800797,0.749237,0.735286,0.726187,0.7120340000000001,0.684535,0.7815880000000001,0.787452,0.801808,0.826475,0.780173,0.725378,0.7274,0.722952,0.7000029999999999,0.718504,0.7245699999999999,0.7594390000000001,0.7816770000000001,0.780667,1.230685,1.1904540000000001,1.1437540000000002,1.1419350000000001,1.036607,1.071783,1.017199,1.04813,1.021647,0.8799290000000001,0.9060090000000001,0.873662,0.9905129999999999,0.99577,1.028925,1.009517,0.9791920000000001,1.006832,1.0230620000000001,1.046462,1.004204
0.929055,0.978181,0.9258209999999999,0.9375459999999999,0.937951,0.863756,0.79967,0.738414,0.658963,0.713346,0.812608,0.79785,0.8489979999999999,0.753779,0.790775,0.781273,1.110195,1.176505,1.173068,1.164375,1.220577,1.2565620000000002,1.2502950000000002,1.229472,1.1166639999999999,1.172664,1.162758,1.042672,1.1296030000000001,1.185198,1.045492,1.079475,1.0728,0.98056,0.8759809999999999,0.9200780000000001,0.947993,0.9291809999999999,0.9698389999999999,0.926956,0.907739
0.774936,0.7341979999999999,0.7540600000000001,0.7163619999999999,0.730535,0.7185699999999999,0.685517,0.715123,0.729521,0.591222,0.602173,0.801712,0.872483,0.819844,0.8745870000000001,1.0138790000000002,0.89466,0.879251,0.8818860000000001,1.104308,1.200616,1.270566,1.0144870000000001,0.954675,0.949908,0.8820209999999999,0.923969,1.011714,1.053459,1.0773709999999999,1.064402,1.069266,1.095407,1.08264,1.081424,1.092975,1.136544,1.115266,0.999556,0.9132290000000001,0.973009
0.652664,0.7380260000000001,0.811454,0.8555510000000001,0.814084,0.709707,0.716985,0.730328,0.649259,0.642992,0.75115,0.7088979999999999,0.6241909999999999,0.622574,0.693938,0.859309,0.8938790000000001,1.130209,1.099884,1.120303,1.219566,1.1477979999999999,1.147191,1.119292,0.9751489999999999,1.011943,1.126368,1.110801,1.051358,1.0133290000000001,0.982583,0.943341,0.855349,0.805183,0.763109,0.846448,0.856967,0.87679,0.8203540000000001,0.788192,0.6945359999999999
0.7017939999999999,0.713337,0.787454,0.9429790000000001,0.9318420000000001,0.792517,0.7459439999999999,0.778768,0.7793760000000001,0.7747149999999999,0.761343,0.73095,0.664086,0.6446350000000001,0.673812,0.721022,0.7518199999999999,0.9965809999999999,1.080465,1.1996040000000001,1.237899,1.1499629999999998,1.039131,0.945319,0.975914,0.9898950000000001,0.9582870000000001,0.927692,0.967404,1.097688,1.10721,1.015627,1.008536,0.805716,0.86103,0.9191819999999999,0.8822270000000001,0.8522559999999999,0.8520540000000001,0.782392,0.7842140000000001
0.791496,0.7514609999999999,0.715067,0.68777,0.715875,0.677054,0.757123,0.757729,0.821825,0.797157,0.8367870000000001,0.798977,0.835094,0.702531,0.652213,0.653224,0.6839390000000001,0.745371,0.7649729999999999,1.167915,1.293406,1.254405,1.250767,1.267258,1.175462,1.104088,1.0335219999999998,0.994296,1.152412,1.116017,1.11076,1.101661,1.106918,1.228235,1.1647459999999998,1.141291,1.101459,1.038375,0.840427,0.783004,0.9498139999999999
0.522396,0.6176699999999999,0.625154,0.706268,0.761259,0.747107,0.853648,0.93229,0.9810120000000001,0.971914,0.948261,0.943207,0.936333,0.8847809999999999,0.812811,0.80897,0.858298,0.9274379999999999,0.8821530000000001,1.156895,1.295782,1.31984,1.2090530000000002,1.1273790000000001,1.1065559999999999,1.023466,1.051769,0.944016,0.9534549999999999,0.984201,0.9696370000000001,0.9461719999999999,1.052167,1.086757,0.924326,0.8389639999999999,0.840987,0.924326,1.0456940000000001,1.068147,1.044885
0.796162,0.8123630000000001,0.807502,0.785834,0.776317,0.7445229999999999,0.7275119999999999,0.831601,0.7983899999999999,0.6936939999999999,0.745333,0.712729,0.688631,0.658255,0.748272,0.671937,0.652702,0.614635,0.67457,0.607751,1.272382,1.173075,0.9527,0.8224879999999999,0.694504,0.6700010000000001,0.8024399999999999,0.764976,0.8372709999999999,0.9079459999999999,0.947232,0.982873,0.9792280000000001,0.9711280000000001,1.016894,1.061446,0.958775,0.908958,0.8822270000000001,0.816615,0.802845
0.721083,0.763183,0.692948,0.738287,0.738287,0.7225,0.687258,0.662551,0.710751,0.763203,0.7172310000000001,0.683815,0.684018,0.714801,0.721484,0.851249,0.894191,0.842944,1.037242,1.105049,1.237625,1.115169,1.062341,1.0922969999999999,1.06902,0.9653879999999999,0.909119,1.029349,1.116991,1.002024,0.9898790000000001,0.926323,0.969031,1.002226,0.8716729999999999,0.843741,0.719059,0.576969,0.507948,0.5180680000000001,0.465847
0.696731,0.705439,0.710299,0.623627,0.531011,0.666875,0.652904,0.74645,0.8082060000000001,0.904384,0.9597829999999999,0.9060969999999999,0.905809,0.9641629999999999,1.112276,1.158675,1.171238,1.141453,1.037105,1.103766,1.2004139999999999,1.13659,1.072563,1.082288,0.9963790000000001,0.9961760000000001,1.0138040000000001,1.0468309999999998,1.017451,0.992732,0.995974,0.99415,0.976725,0.9364040000000001,0.89892,0.8873709999999999,0.953829,1.005902,1.022314,0.928502,0.8757389999999999
0.559791,0.55391,0.656011,0.573466,0.619505,0.706512,0.6892729999999999,0.597803,0.5919220000000001,0.55866,0.642828,0.6718310000000001,0.63573,0.737745,0.817857,0.672033,0.6277229999999999,0.8558549999999999,0.9801610000000001,1.0799299999999998,1.200181,1.044646,0.95826,0.8741049999999999,0.819759,0.892761,0.953191,0.971441,0.9189200000000001,0.81104,0.719179,0.749393,0.669497,0.654694,0.708634,0.79725,0.731346,0.679636,0.700928,0.776972,0.8436879999999999
0.8127260000000001,0.745598,0.8165680000000001,0.8756079999999999,0.8966370000000001,0.933234,0.8568040000000001,0.686557,0.6069859999999999,0.6318600000000001,0.616945,0.600372,0.665452,0.811172,0.848158,0.880293,0.8374459999999999,0.8796870000000001,0.9995379999999999,1.138184,1.2752139999999998,1.335645,1.225293,1.116795,0.9934379999999999,1.0031450000000002,0.929939,0.773215,0.7768550000000001,0.7713949999999999,0.72367,0.8890899999999999,0.9396459999999999,1.022356,1.030041,1.005369,0.8907729999999999,0.8996700000000001,1.017144,0.979941,0.9022979999999999
0.735051,0.732417,0.712559,0.782669,0.7273569999999999,0.687663,0.680373,0.715409,0.767051,0.713788,0.730597,0.668424,0.652425,0.721006,0.677254,0.679887,0.646465,0.631679,0.5830649999999999,1.012686,1.216515,1.046477,0.9414959999999999,1.043843,0.959736,0.857035,0.9314,1.120049,1.1115389999999998,1.16402,1.130789,1.157333,1.152065,1.082157,1.025421,0.944976,0.884592,0.8467,0.858656,0.91519,0.874866
0.7559100000000001,0.75227,0.7957420000000001,0.824049,0.800595,0.757325,0.682918,0.676852,0.701317,0.744587,0.829793,0.848392,0.74549,0.688682,0.6913100000000001,0.742255,0.7335619999999999,0.749533,0.690703,0.684032,1.204404,1.139307,1.131788,1.039183,0.9075549999999999,0.8600399999999999,0.9530489999999999,0.937075,0.9397040000000001,0.841033,0.9744809999999999,1.069917,1.0128979999999999,0.9115989999999999,0.934851,0.9965209999999999,0.950016,0.998138,0.960126,0.897445,0.834967
0.753397,0.760677,0.8961680000000001,0.9991,1.001123,0.9641149999999999,0.939242,0.9250860000000001,0.809818,0.866036,0.748746,0.683427,0.6630020000000001,0.48787600000000003,0.43691499999999994,0.406379,0.5113260000000001,0.606535,0.650804,1.127675,1.24126,1.246313,1.2558120000000002,1.154757,1.111537,1.080395,1.0648229999999999,1.0100209999999998,1.055723,0.900617,0.8852479999999999,1.0613860000000002,1.070081,1.109515,1.029434,1.1267040000000001,1.155016,0.974833,0.942882,0.916592,0.9143680000000001
0.738293,0.769701,0.743156,0.8302870000000001,0.860885,0.817522,0.750451,0.75653,0.6941189999999999,0.701009,0.6756800000000001,0.639409,0.652175,0.696348,0.7356590000000001,0.836569,0.81509,0.807998,0.780237,0.858656,1.216704,1.246896,1.203533,1.151254,1.113768,1.071621,0.9765870000000001,0.9986729999999999,1.0562209999999999,1.0511549999999998,1.0560180000000001,1.1024200000000002,1.098165,1.104042,1.1107280000000002,1.0695940000000002,0.96686,0.875474,0.941126,0.840824,0.827248
0.8493229999999999,0.8776299999999999,0.9152389999999999,0.771883,0.982367,0.95224,0.973268,0.881674,0.7633909999999999,0.6760430000000001,0.661687,0.678469,0.77258,0.728104,0.741649,0.897648,1.001778,0.9073530000000001,1.0703209999999999,1.179506,1.2367270000000001,1.187594,1.139269,1.1237,1.185976,1.1762709999999998,1.095393,1.049293,0.9779190000000001,0.9099809999999999,0.801808,0.7532810000000001,0.784217,0.79837,0.880057,0.9057350000000001,0.9322229999999999,0.996925,0.969426,0.988433,1.000564
0.8427389999999999,0.811755,0.777734,0.8358530000000001,0.638207,0.752218,0.961407,0.8998450000000001,0.9441940000000001,0.9929979999999999,0.967685,0.961731,0.945522,0.8520049999999999,0.845834,0.8725790000000001,0.8409709999999999,1.135009,1.131567,1.190488,1.214583,1.1481700000000001,0.8384860000000001,1.003934,0.9699129999999999,0.8366629999999999,0.812768,0.893568,0.888214,0.889631,0.827091,0.815757,0.8424729999999999,0.860891,0.8353889999999999,0.792481,0.711119,0.657687,0.782362,0.863117,0.8351870000000001
0.8597299999999999,0.807945,0.7420939999999999,0.751414,0.60168,0.5895229999999999,0.737029,0.873187,1.017451,1.051896,1.064863,0.987058,0.923842,0.8995280000000001,0.8444159999999999,0.800042,0.829017,0.891626,1.022111,1.1390209999999998,1.230807,1.090798,1.085328,1.0486540000000002,1.044602,1.125446,1.1525969999999999,1.2237149999999999,1.1268639999999999,1.183395,1.233846,1.228173,1.225539,1.1961600000000001,1.18846,1.1053870000000001,1.108426,1.116733,1.111668,1.08938,1.101942
0.873187,1.017451,1.051896,1.064863,0.987058,0.923842,0.8995280000000001,0.8444159999999999,0.800042,0.829017,0.891626,1.022111,1.1390209999999998,1.230807,1.090798,1.085328,1.0486540000000002,1.044602,1.125446,1.1525969999999999,1.2237149999999999,1.1268639999999999,1.183395,1.233846,1.228173,1.225539,1.1961600000000001,1.18846,1.1053870000000001,1.108426,1.116733,1.111668,1.08938,1.101942,1.083302,1.018262,1.038726,1.055341,0.904998,0.817175,0.8418979999999999
1.064863,0.987058,0.923842,0.8995280000000001,0.8444159999999999,0.800042,0.829017,0.891626,1.022111,1.1390209999999998,1.230807,1.090798,1.085328,1.0486540000000002,1.044602,1.125446,1.1525969999999999,1.2237149999999999,1.1268639999999999,1.183395,1.233846,1.228173,1.225539,1.1961600000000001,1.18846,1.1053870000000001,1.108426,1.116733,1.111668,1.08938,1.101942,1.083302,1.018262,1.038726,1.055341,0.904998,0.817175,0.8418979999999999,0.9077569999999999,0.9245770000000001,0.934507
0.889494,0.835298,0.7703840000000001,0.7883819999999999,0.79364,0.7349939999999999,0.730748,0.827816,0.8197270000000001,0.802886,0.651304,0.730328,0.772771,0.7403529999999999,0.660305,0.904546,0.880697,0.893835,1.001357,1.102411,1.329177,1.2690709999999998,1.175036,1.151174,1.0632059999999999,1.05633,1.054712,1.063408,1.060172,1.0836299999999999,1.062195,1.049252,1.027614,0.9493530000000001,0.9722040000000001,0.847836,0.8175020000000001,0.878574,0.8682610000000001,0.738837,0.730546
0.746521,0.717805,0.608255,0.600979,0.6703020000000001,0.77742,0.8368399999999999,0.7549859999999999,0.761857,0.6504949999999999,0.6951609999999999,1.019749,0.997921,0.9987290000000001,0.956084,1.025205,1.111304,1.104432,1.125249,1.186361,1.208201,1.222357,1.1580489999999999,1.177282,1.175664,1.113389,1.0278610000000001,1.034735,1.013707,1.0090569999999999,0.962147,0.970033,1.015729,0.9302010000000001,0.961743,0.93101,0.935256,0.878035,0.79372,0.798775,0.774714
0.751112,0.620406,0.605208,0.694575,0.7525310000000001,0.79691,0.8360209999999999,0.9183819999999999,0.851068,0.842349,0.848635,0.810922,0.777468,0.897701,0.8389030000000001,0.813761,0.791864,0.8591780000000001,0.741378,0.5991310000000001,1.202238,1.179327,1.07653,1.050375,0.9956309999999999,0.96826,0.968665,0.969882,0.964002,1.02057,0.986992,1.028534,1.033195,0.963485,0.982533,0.948894,0.957203,0.974225,0.898841,0.924374,1.021847
0.792758,0.817433,0.713675,0.624884,0.742193,0.907438,0.932113,0.677066,0.684347,0.767273,0.785072,0.716304,0.837382,0.903191,0.798623,0.873661,1.033647,1.056502,1.1454959999999998,1.306291,1.331573,1.272311,1.186352,1.13154,1.061558,1.0579180000000001,1.056907,1.025759,1.037692,0.984296,0.9147190000000001,0.91027,0.8785149999999999,1.021714,1.023332,1.028591,1.021511,1.048614,1.070457,1.018852,1.0103520000000001
0.7170880000000001,0.84629,0.993892,1.0128979999999999,1.0112809999999999,0.9603280000000001,0.903309,0.80201,0.729018,0.725783,0.789878,0.8580180000000001,0.749642,0.824049,0.8820790000000001,0.821421,0.7635930000000001,0.688385,0.633622,0.497018,1.233492,1.177484,1.1627239999999999,1.0541459999999998,1.068704,1.014718,0.938961,1.020232,1.031755,1.052376,1.116462,1.11161,1.049748,1.1435520000000001,1.12374,1.066325,0.981618,0.9773729999999999,0.8807379999999999,0.852435,0.973532
0.591023,0.504898,0.610071,0.674715,0.756989,0.75476,0.8058270000000001,0.922956,0.8980299999999999,0.875398,0.910069,0.756179,0.681565,0.717858,0.740364,0.7176560000000001,0.979411,1.003133,1.0651760000000001,1.070448,1.209334,1.106132,1.1156620000000002,1.064973,0.9942120000000001,1.027521,0.98841,1.0587280000000001,1.0149569999999999,1.0135379999999998,0.961458,0.9235639999999999,0.956392,0.831765,0.7624609999999999,0.8670260000000001,0.8493959999999999,0.9077569999999999,0.808056,0.8545870000000001,0.912957
0.5085850000000001,0.5850390000000001,0.7796109999999999,0.8682,0.8237030000000001,0.9094610000000001,0.850548,0.8655709999999999,0.801998,0.806246,0.7796109999999999,0.810696,0.8161579999999999,0.8177760000000001,0.8952549999999999,0.812921,0.9938020000000001,0.980049,0.968115,1.126079,1.209611,1.01605,0.889639,0.8904479999999999,0.8342209999999999,0.770914,0.791949,0.874065,0.789117,0.9044040000000001,1.03122,0.931507,0.8991450000000001,0.907438,0.9709469999999999,0.913101,0.9542950000000001,0.907749,0.836109,0.76791,0.730876
0.817062,0.8970959999999999,0.9228290000000001,0.848266,0.824357,0.781402,0.7198060000000001,0.674622,0.687792,0.8259780000000001,0.788899,0.837324,0.8198989999999999,0.948966,0.945522,0.908848,0.972267,1.029405,1.0474379999999999,1.189676,1.330697,1.096472,1.15746,1.11876,1.104374,1.086746,1.049667,1.021706,0.8861549999999999,0.829576,0.8633940000000001,0.843549,0.9045030000000001,0.974773,1.057801,1.030867,0.958775,0.908958,0.8439540000000001,0.771659,0.8131729999999999
0.509965,0.547251,0.609463,0.595278,0.525568,0.40134699999999995,0.343188,0.402765,0.39501,0.374141,0.355297,0.403723,0.42135100000000003,0.508881,0.582634,0.641596,0.605125,0.626197,1.003876,1.074589,1.2060879999999998,1.096015,0.943018,0.8066369999999999,0.797316,0.7537470000000001,0.786981,0.752734,0.648574,0.571366,0.616961,0.696398,0.761042,0.7790779999999999,0.7300369999999999,0.632768,0.524555,0.5977100000000001,0.660327,0.68424,0.6372260000000001
0.6225569999999999,0.646622,0.63732,0.686258,0.70911,0.6937409999999999,0.700616,0.7339829999999999,0.782675,0.730935,0.781866,0.8287559999999999,0.795812,0.754379,1.007016,1.050065,1.065627,1.06017,1.086647,1.150917,1.2113479999999999,1.201325,1.1070879999999998,1.083428,1.068463,1.104257,0.9940450000000001,1.0446010000000001,1.142882,1.191214,1.087877,0.997078,0.849454,0.8692719999999999,0.893943,0.9070879999999999,0.9819110000000001,1.0023360000000001,1.030445,1.0211430000000001,1.02903
0.82026,0.717792,0.73865,0.794542,0.782392,0.6592680000000001,0.705237,0.771355,0.787148,0.761838,0.806384,0.8889959999999999,0.911876,1.063713,1.172909,1.088784,1.087367,0.999884,1.086759,1.19024,1.243702,1.296353,1.321464,1.1568260000000001,1.0916190000000001,1.010009,1.04322,0.9834809999999999,0.979025,1.0420049999999998,1.101137,1.107415,1.100529,1.0636729999999999,1.023779,0.965255,0.985506,0.9913780000000001,0.9294110000000001,0.908958,0.8789870000000001
0.751646,0.942111,0.9589110000000001,0.9680190000000001,1.048375,1.041088,0.9753059999999999,0.759112,0.729375,0.7194619999999999,0.675565,0.8952549999999999,0.835174,0.80483,0.8547959999999999,0.8730020000000001,0.801188,0.7287680000000001,1.050009,1.192423,1.231263,1.228633,1.040481,1.113752,1.109906,1.1461370000000002,1.098774,1.03623,1.027527,0.884425,0.8504209999999999,0.891914,0.934217,0.8641840000000001,0.951422,1.006477,1.043315,0.989677,0.9757110000000001,0.920858,0.941909
0.883174,1.0002950000000002,0.886416,0.874866,0.779224,0.756935,0.8410270000000001,0.744575,0.6854060000000001,0.686217,0.7380899999999999,0.8631129999999999,0.8444709999999999,0.7591640000000001,0.775172,0.8240059999999999,0.763217,0.743764,0.7650399999999999,0.76889,1.24183,1.084994,0.9741549999999999,0.881958,0.993608,0.9613889999999999,0.950042,0.910732,0.915595,0.9946209999999999,0.984489,0.9395049999999999,0.9626049999999999,0.964834,1.013871,0.8290709999999999,1.018937,1.0781049999999999,0.9950260000000001,1.0377809999999998,1.0100209999999998
0.704653,0.707685,0.772176,0.813013,0.9080299999999999,0.9692860000000001,0.887207,0.964434,0.9395680000000001,0.8526370000000001,0.869417,0.902167,0.890442,0.9795959999999999,1.137083,1.113227,1.178324,1.176974,1.125964,1.112419,1.206911,1.080284,1.118515,1.07907,0.9431379999999999,0.986022,1.056617,1.065113,0.990067,1.077857,1.018386,1.019802,0.905716,0.8743629999999999,0.8282430000000001,0.9103690000000001,0.96903,0.8830610000000001,0.8379530000000001,0.822377,0.9443520000000001
0.684348,0.701773,0.725074,0.7988270000000001,0.772284,0.820709,0.79518,0.8614360000000001,0.987869,0.9349860000000001,0.942888,0.9056059999999999,0.829219,0.7127140000000001,0.6914399999999999,0.783833,0.805311,0.7984220000000001,0.674217,1.0841120000000002,1.257147,1.166577,1.12727,1.096472,1.1292959999999999,1.0887719999999999,1.075805,1.079655,1.015425,0.964973,1.020693,0.972267,0.977535,0.936809,0.9382280000000001,0.919789,0.949574,1.009485,1.028737,1.057512,0.999556
0.61838,0.658098,0.7312529999999999,0.722134,0.755571,0.701059,0.7195,0.637023,0.656018,0.604113,0.650341,0.5286890000000001,0.505778,0.601883,0.644867,0.758409,0.881684,0.794905,0.736309,1.145872,1.221702,1.213592,1.152563,1.1683780000000001,1.118703,1.059093,1.072881,1.0280719999999999,1.026045,0.9744280000000001,1.095589,1.015565,1.147284,1.192069,1.194675,1.200553,1.19123,1.194878,1.080164,1.043885,0.9753809999999999
0.695358,0.753801,0.724074,0.691718,0.76007,0.8510719999999999,0.8961680000000001,0.8903030000000001,0.840354,0.8634069999999999,0.9163899999999999,0.9324370000000001,0.931831,0.9387030000000001,0.846339,0.7493270000000001,0.519933,1.074722,1.0423850000000001,1.140205,1.245908,1.193764,1.159667,1.169778,1.199303,1.1683629999999998,1.1394440000000001,1.0371190000000001,0.9637110000000001,0.880799,0.9325680000000001,0.911739,0.925895,0.8971790000000001,0.9675530000000001,0.93722,0.9964709999999999,0.987978,0.98454,0.968564,0.919019
0.7327670000000001,0.677342,0.772212,0.8282430000000001,0.8571690000000001,0.902278,0.891961,0.8163090000000001,0.832289,0.9034909999999999,0.888523,0.8906280000000001,0.795569,0.601406,0.633767,0.725589,0.835413,0.869189,0.9917540000000001,1.102386,1.2160520000000001,1.191538,1.1464299999999998,1.115076,1.137529,1.027691,0.9275629999999999,0.839773,0.8519100000000001,0.951836,0.897018,0.866474,0.9259440000000001,1.029309,0.9696370000000001,0.9989680000000001,0.9680190000000001,0.992899,0.9993719999999999,0.870115,0.8426049999999999
0.743576,0.737106,0.750653,0.781184,0.794933,0.759145,0.731849,0.6887810000000001,0.714857,0.7342569999999999,0.725163,0.679898,0.846208,0.8580180000000001,0.9045219999999999,0.890975,0.9251459999999999,1.027456,1.0778020000000001,1.14392,1.201343,1.141494,1.062031,1.116017,1.185976,1.1607020000000001,1.025232,0.941119,0.9152389999999999,0.8721709999999999,0.8754059999999999,0.8982540000000001,0.941524,0.932492,0.887409,0.9428030000000001,1.021242,1.057228,1.026297,0.889229,0.9037850000000001
0.9191799999999999,0.925859,0.8305319999999999,0.77123,0.9423290000000001,0.806195,0.826018,0.870317,0.857574,0.9032889999999999,0.896209,0.8759809999999999,0.753804,0.822175,0.793046,0.8215680000000001,0.7430829999999999,0.845842,0.8587879999999999,0.762502,1.253234,1.1634209999999998,1.027148,0.9379549999999999,0.936134,0.850784,0.816198,0.613137,0.8922459999999999,0.8298610000000001,0.8941870000000001,0.873756,0.9394969999999999,0.873958,0.786371,0.7817189999999999,0.8214239999999999,0.834782,0.7829689999999999,0.797744,0.847937
0.8895190000000001,0.825686,0.808258,0.767121,0.795492,0.794884,0.760029,0.7462489999999999,0.763879,0.872497,0.9221450000000001,0.919308,0.932277,0.896207,0.893775,0.8453430000000001,0.782212,0.806758,0.7447239999999999,0.7189770000000001,1.2192690000000002,1.350856,1.359169,1.360183,1.212173,1.157835,1.049361,1.085046,1.085451,1.113026,1.07575,1.1353280000000001,0.957405,0.8958010000000001,0.9458549999999999,0.842303,0.881819,0.863783,0.8781709999999999,0.8455450000000001,0.8623649999999999
0.644096,0.700509,0.9243370000000001,1.0294780000000001,0.97711,0.8353719999999999,0.699902,0.607297,0.602445,0.758943,0.717291,0.7453960000000001,0.716482,0.754494,0.916047,1.0163360000000001,0.8585,0.804926,0.7651,0.796638,1.21489,1.079016,1.0472709999999998,0.9833780000000001,0.9251459999999999,0.8699469999999999,0.7623800000000001,0.756314,0.7322529999999999,0.789676,0.8105020000000001,0.754696,0.788665,0.747215,0.8398200000000001,0.9437479999999999,0.938491,0.8748,0.84346,0.8527610000000001,0.776533
0.612554,0.636009,0.6135649999999999,0.6426810000000001,0.776129,0.668158,0.8062560000000001,0.817311,0.825192,0.755879,0.8120569999999999,0.8433790000000001,0.863384,0.751029,0.813471,0.829435,1.014741,1.0298829999999999,1.083666,1.1301709999999998,1.2029610000000002,1.1186459999999998,1.085284,0.9591149999999999,0.9667979999999999,0.9791920000000001,0.988087,0.9672649999999999,1.039842,1.033777,1.015784,1.0493430000000001,1.099884,1.072188,0.9553370000000001,0.9126799999999999,0.958167,0.9911200000000001,0.9848530000000001,0.9733290000000001,0.868608
0.811949,0.83526,0.81053,0.831003,0.846612,0.7363390000000001,0.70796,0.732691,0.843774,1.040804,0.9011399999999999,0.7472850000000001,0.659108,0.702082,0.783165,0.736137,0.690933,0.650941,0.704281,0.692315,1.25979,1.147633,1.023511,0.958407,0.9922780000000001,0.969249,1.034926,1.1306040000000002,0.972492,0.890396,0.9976280000000001,1.007763,0.909309,0.9374809999999999,0.930185,0.947817,0.972138,0.993825,0.858032,0.853979,0.789934
0.755571,0.7691479999999999,0.824875,0.8066369999999999,0.786373,0.82694,0.85269,0.725766,0.64365,0.719075,0.7920659999999999,0.800176,0.9367059999999999,0.8728469999999999,0.805339,0.881697,0.900338,1.00266,1.107008,1.165564,1.219866,1.128688,1.004483,1.018464,0.941267,0.8634620000000001,0.8172649999999999,0.773094,0.89426,0.9607180000000001,1.047641,1.013399,0.8770370000000001,0.834285,0.836108,0.9023639999999999,0.948358,0.84705,0.7818069999999999,0.717982,0.8081470000000001
